class_id,config_types,n_blocks,n_meas,n_contexts,lp_value,lp_status,hit_5_2
0,1 12 218,3,10,32,2.000000000000,0,0
1,1 14 218,3,9,24,2.000000000000,0,0
2,1 15 218,3,9,24,2.000000000000,0,0
3,1 22 212,3,10,36,2.000000000000,0,0
4,1 22 218,3,9,24,2.000000000000,0,0
5,1 22 219,3,9,24,2.000000000000,0,0
6,1 66 328,3,9,24,2.000000000000,0,0
7,1 66 340,3,10,36,2.000000000000,0,0
8,1 66 348,3,9,24,2.000000000000,0,0
9,1 67 348,3,9,24,2.000000000000,0,0
10,1 73 73 348,4,10,32,2.000000000000,0,0
11,1 73 74 328,4,10,32,2.000000000000,0,0
12,1 73 74 348,4,10,32,2.000000000000,0,0
13,1 73 79 328,4,10,32,2.000000000000,0,0
14,1 73 79 348,4,10,32,2.000000000000,0,0
15,1 73 95 348,4,10,32,2.000000000000,0,0
16,1 73 97 218,4,10,32,2.000000000000,0,0
17,1 73 97 348,4,10,32,2.000000000000,0,0
18,1 73 98 218,4,10,32,2.000000000000,0,0
19,1 73 98 348,4,10,32,2.000000000000,0,0
20,1 73 218 328,4,10,32,2.000000000000,0,0
21,1 73 218 330,4,10,32,2.000000000000,0,0
22,1 73 218 348,4,10,32,2.000000000000,0,0
23,1 73 218 353,4,10,32,2.000000000000,0,0
24,1 73 219 348,4,10,32,2.000000000000,0,0
25,1 73 219 353,4,10,32,2.000000000000,0,0
26,1 73 222 328,4,10,32,2.000000000000,0,0
27,1 73 222 348,4,10,32,2.000000000000,0,0
28,1 73 328 348,4,10,32,2.000000000000,0,0
29,1 73 328 353,4,10,32,2.000000000000,0,0
30,1 73 329 348,4,10,32,2.000000000000,0,0
31,1 73 329 353,4,10,32,2.000000000000,0,0
32,1 73 347 348,4,10,32,2.000000000000,0,0
33,1 73 347 353,4,10,32,2.000000000000,0,0
34,1 73 348,3,8,16,2.000000000000,0,0
35,1 73 348 348,4,10,32,2.000000000000,0,0
36,1 73 348 353,4,10,32,2.000000000000,0,0
37,1 74 74 328,4,10,32,2.000000000000,0,0
38,1 74 74 348,4,10,32,2.000000000000,0,0
39,1 74 79 328,4,10,32,2.000000000000,0,0
40,1 74 79 348,4,10,32,2.000000000000,0,0
41,1 74 95 328,4,10,32,2.000000000000,0,0
42,1 74 95 348,4,10,32,2.000000000000,0,0
43,1 74 97 218,4,10,32,2.000000000000,0,0
44,1 74 97 219,4,10,32,2.000000000000,0,0
45,1 74 97 328,4,10,32,2.000000000000,0,0
46,1 74 97 329,4,10,32,2.000000000000,0,0
47,1 74 97 347,4,10,32,2.000000000000,0,0
48,1 74 97 348,4,10,32,2.000000000000,0,0
49,1 74 98 218,4,10,32,2.000000000000,0,0
50,1 74 98 219,4,10,32,2.000000000000,0,0
51,1 74 98 328,4,10,32,2.000000000000,0,0
52,1 74 98 329,4,10,32,2.000000000000,0,0
53,1 74 98 347,4,10,32,2.000000000000,0,0
54,1 74 98 348,4,10,32,2.000000000000,0,0
55,1 74 218 328,4,10,32,2.000000000000,0,0
56,1 74 218 348,4,10,32,2.000000000000,0,0
57,1 74 218 353,4,10,32,2.000000000000,0,0
58,1 74 219 328,4,10,32,2.000000000000,0,0
59,1 74 219 348,4,10,32,2.000000000000,0,0
60,1 74 219 353,4,10,32,2.000000000000,0,0
61,1 74 222 328,4,10,32,2.000000000000,0,0
62,1 74 222 348,4,10,32,2.000000000000,0,0
63,1 74 328,3,8,16,2.000000000000,0,0
64,1 74 329 348,4,10,32,2.000000000000,0,0
65,1 74 329 353,4,10,32,2.000000000000,0,0
66,1 74 347 348,4,10,32,2.000000000000,0,0
67,1 74 347 353,4,10,32,2.000000000000,0,0
68,1 74 348,3,8,16,2.000000000000,0,0
69,1 74 348 348,4,10,32,2.000000000000,0,0
70,1 74 348 353,4,10,32,2.000000000000,0,0
71,1 79 97 218,4,10,32,2.000000000000,0,0
72,1 79 97 219,4,10,32,2.000000000000,0,0
73,1 79 97 329,4,10,32,2.000000000000,0,0
74,1 79 97 347,4,10,32,2.000000000000,0,0
75,1 79 97 348,4,10,32,2.000000000000,0,0
76,1 79 98 218,4,10,32,2.000000000000,0,0
77,1 79 98 219,4,10,32,2.000000000000,0,0
78,1 79 98 329,4,10,32,2.000000000000,0,0
79,1 79 98 347,4,10,32,2.000000000000,0,0
80,1 79 98 348,4,10,32,2.000000000000,0,0
81,1 79 218 348,4,10,32,2.000000000000,0,0
82,1 79 218 353,4,10,32,2.000000000000,0,0
83,1 79 219 348,4,10,32,2.000000000000,0,0
84,1 79 219 353,4,10,32,2.000000000000,0,0
85,1 81 348,3,9,24,2.000000000000,0,0
86,1 88 218,3,9,24,2.000000000000,0,0
87,1 88 336,3,10,36,2.000000000000,0,0
88,1 95 97 218,4,10,32,2.000000000000,0,0
89,1 95 98 218,4,10,32,2.000000000000,0,0
90,1 95 218 348,4,10,32,2.000000000000,0,0
91,1 95 218 353,4,10,32,2.000000000000,0,0
92,1 95 219 353,4,10,32,2.000000000000,0,0
93,1 97 97 218,4,10,32,2.000000000000,0,0
94,1 97 98 218,4,10,32,2.000000000000,0,0
95,1 97 218,3,8,16,2.000000000000,0,0
96,1 97 218 218,4,10,32,2.000000000000,0,0
97,1 97 218 219,4,10,32,2.000000000000,0,0
98,1 97 218 222,4,10,32,2.000000000000,0,0
99,1 97 218 347,4,10,32,2.000000000000,0,0
100,1 97 218 348,4,10,32,2.000000000000,0,0
101,1 97 218 353,4,10,32,2.000000000000,0,0
102,1 97 219 222,4,10,32,2.000000000000,0,0
103,1 97 219 353,4,10,32,2.000000000000,0,0
104,1 97 222 347,4,10,32,2.000000000000,0,0
105,1 97 336,3,9,24,2.000000000000,0,0
106,1 98 98 218,4,10,32,2.000000000000,0,0
107,1 98 218,3,8,16,2.000000000000,0,0
108,1 98 218 218,4,10,32,2.000000000000,0,0
109,1 98 218 219,4,10,32,2.000000000000,0,0
110,1 98 218 222,4,10,32,2.000000000000,0,0
111,1 98 218 347,4,10,32,2.000000000000,0,0
112,1 98 218 348,4,10,32,2.000000000000,0,0
113,1 98 218 353,4,10,32,2.000000000000,0,0
114,1 98 219 222,4,10,32,2.000000000000,0,0
115,1 98 219 353,4,10,32,2.000000000000,0,0
116,1 98 222 347,4,10,32,2.000000000000,0,0
117,1 98 336,3,9,24,2.000000000000,0,0
118,1 218 218 348,4,10,32,2.000000000000,0,0
119,1 218 218 353,4,10,32,2.000000000000,0,0
120,1 218 219 348,4,10,32,2.000000000000,0,0
121,1 218 219 353,4,10,32,2.000000000000,0,0
122,1 218 222 348,4,10,32,2.000000000000,0,0
123,1 218 222 353,4,10,32,2.000000000000,0,0
124,1 218 347 353,4,10,32,2.000000000000,0,0
125,1 218 348,3,8,16,2.000000000000,0,0
126,1 218 353,3,8,16,2.000000000000,0,0
127,1 218 353 353,4,10,32,2.000000000000,0,0
128,1 219 219 353,4,10,32,2.000000000000,0,0
129,1 219 222 353,4,10,32,2.000000000000,0,0
130,1 219 353,3,8,16,2.000000000000,0,0
131,9 9 73 328,4,10,36,2.000000000000,0,0
132,9 9 74 328,4,10,36,2.000000000000,0,0
133,9 9 97 218,4,10,36,2.000000000000,0,0
134,9 9 97 219,4,10,36,2.000000000000,0,0
135,9 9 97 328,4,10,36,2.000000000000,0,0
136,9 9 97 329,4,10,36,2.000000000000,0,0
137,9 9 97 347,4,10,36,2.000000000000,0,0
138,9 9 97 348,4,10,36,2.000000000000,0,0
139,9 9 98 219,4,10,36,2.000000000000,0,0
140,9 9 98 328,4,10,36,2.000000000000,0,0
141,9 9 98 329,4,10,36,2.000000000000,0,0
142,9 9 98 347,4,10,36,2.000000000000,0,0
143,9 9 98 348,4,10,36,2.000000000000,0,0
144,9 14 73 218,4,10,36,2.000000000000,0,0
145,9 14 73 219,4,10,36,2.000000000000,0,0
146,9 14 73 328,4,10,36,2.000000000000,0,0
147,9 14 73 329,4,10,36,2.000000000000,0,0
148,9 14 73 347,4,10,36,2.000000000000,0,0
149,9 14 73 348,4,10,36,2.000000000000,0,0
150,9 14 74 218,4,10,36,2.000000000000,0,0
151,9 14 74 219,4,10,36,2.000000000000,0,0
152,9 14 74 328,4,10,36,2.000000000000,0,0
153,9 14 74 329,4,10,36,2.000000000000,0,0
154,9 14 74 347,4,10,36,2.000000000000,0,0
155,9 14 74 348,4,10,36,2.000000000000,0,0
156,9 14 79 218,4,10,36,2.000000000000,0,0
157,9 14 79 219,4,10,36,2.000000000000,0,0
158,9 14 95 218,4,10,36,2.000000000000,0,0
159,9 14 95 219,4,10,36,2.000000000000,0,0
160,9 14 97 218,4,10,36,2.000000000000,0,0
161,9 14 97 219,4,10,36,2.000000000000,0,0
162,9 14 97 328,4,10,36,2.000000000000,0,0
163,9 14 97 329,4,10,36,2.000000000000,0,0
164,9 14 97 347,4,10,36,2.000000000000,0,0
165,9 14 97 348,4,10,36,2.000000000000,0,0
166,9 14 98 218,4,10,36,2.000000000000,0,0
167,9 14 98 219,4,10,36,2.000000000000,0,0
168,9 14 98 328,4,10,36,2.000000000000,0,0
169,9 14 98 329,4,10,36,2.000000000000,0,0
170,9 14 98 347,4,10,36,2.000000000000,0,0
171,9 14 98 348,4,10,36,2.000000000000,0,0
172,9 14 212,3,9,27,2.000000000000,0,0
173,9 14 218,3,8,18,2.000000000000,0,0
174,9 14 218 218,4,10,36,2.000000000000,0,0
175,9 14 218 219,4,10,36,2.000000000000,0,0
176,9 14 218 222,4,10,36,2.000000000000,0,0
177,9 14 218 328,4,10,36,2.000000000000,0,0
178,9 14 218 329,4,10,36,2.000000000000,0,0
179,9 14 218 330,4,10,36,2.000000000000,0,0
180,9 14 218 347,4,10,36,2.000000000000,0,0
181,9 14 218 348,4,10,36,2.000000000000,0,0
182,9 14 218 353,4,10,36,2.000000000000,0,0
183,9 14 219,3,8,18,2.000000000000,0,0
184,9 14 219 219,4,10,36,2.000000000000,0,0
185,9 14 219 222,4,10,36,2.000000000000,0,0
186,9 14 219 328,4,10,36,2.000000000000,0,0
187,9 14 219 329,4,10,36,2.000000000000,0,0
188,9 14 219 330,4,10,36,2.000000000000,0,0
189,9 14 219 347,4,10,36,2.000000000000,0,0
190,9 14 219 348,4,10,36,2.000000000000,0,0
191,9 14 219 353,4,10,36,2.000000000000,0,0
192,9 15 73 218,4,10,36,2.000000000000,0,0
193,9 15 73 219,4,10,36,2.000000000000,0,0
194,9 15 73 328,4,10,36,2.000000000000,0,0
195,9 15 73 329,4,10,36,2.000000000000,0,0
196,9 15 73 347,4,10,36,2.000000000000,0,0
197,9 15 73 348,4,10,36,2.000000000000,0,0
198,9 15 74 218,4,10,36,2.000000000000,0,0
199,9 15 74 219,4,10,36,2.000000000000,0,0
200,9 15 74 328,4,10,36,2.000000000000,0,0
201,9 15 74 329,4,10,36,2.000000000000,0,0
202,9 15 74 347,4,10,36,2.000000000000,0,0
203,9 15 74 348,4,10,36,2.000000000000,0,0
204,9 15 79 218,4,10,36,2.000000000000,0,0
205,9 15 79 219,4,10,36,2.000000000000,0,0
206,9 15 95 218,4,10,36,2.000000000000,0,0
207,9 15 95 219,4,10,36,2.000000000000,0,0
208,9 15 97 218,4,10,36,2.000000000000,0,0
209,9 15 97 219,4,10,36,2.000000000000,0,0
210,9 15 97 328,4,10,36,2.000000000000,0,0
211,9 15 97 329,4,10,36,2.000000000000,0,0
212,9 15 97 347,4,10,36,2.000000000000,0,0
213,9 15 97 348,4,10,36,2.000000000000,0,0
214,9 15 98 218,4,10,36,2.000000000000,0,0
215,9 15 98 219,4,10,36,2.000000000000,0,0
216,9 15 98 328,4,10,36,2.000000000000,0,0
217,9 15 98 329,4,10,36,2.000000000000,0,0
218,9 15 98 347,4,10,36,2.000000000000,0,0
219,9 15 98 348,4,10,36,2.000000000000,0,0
220,9 15 212,3,9,27,2.000000000000,0,0
221,9 15 218,3,8,18,2.000000000000,0,0
222,9 15 218 218,4,10,36,2.000000000000,0,0
223,9 15 218 219,4,10,36,2.000000000000,0,0
224,9 15 218 222,4,10,36,2.000000000000,0,0
225,9 15 218 328,4,10,36,2.000000000000,0,0
226,9 15 218 329,4,10,36,2.000000000000,0,0
227,9 15 218 330,4,10,36,2.000000000000,0,0
228,9 15 218 347,4,10,36,2.000000000000,0,0
229,9 15 218 348,4,10,36,2.000000000000,0,0
230,9 15 218 353,4,10,36,2.000000000000,0,0
231,9 15 219,3,8,18,2.000000000000,0,0
232,9 15 219 219,4,10,36,2.000000000000,0,0
233,9 15 219 222,4,10,36,2.000000000000,0,0
234,9 15 219 328,4,10,36,2.000000000000,0,0
235,9 15 219 329,4,10,36,2.000000000000,0,0
236,9 15 219 330,4,10,36,2.000000000000,0,0
237,9 15 219 347,4,10,36,2.000000000000,0,0
238,9 15 219 348,4,10,36,2.000000000000,0,0
239,9 15 219 353,4,10,36,2.000000000000,0,0
240,9 16 73 328,4,10,36,2.000000000000,0,0
241,9 16 73 348,4,10,36,2.000000000000,0,0
242,9 16 74 328,4,10,36,2.000000000000,0,0
243,9 16 74 348,4,10,36,2.000000000000,0,0
244,9 16 97 218,4,10,36,2.000000000000,0,0
245,9 16 97 219,4,10,36,2.000000000000,0,0
246,9 16 97 328,4,10,36,2.000000000000,0,0
247,9 16 97 329,4,10,36,2.000000000000,0,0
248,9 16 97 347,4,10,36,2.000000000000,0,0
249,9 16 97 348,4,10,36,2.000000000000,0,0
250,9 16 98 218,4,10,36,2.000000000000,0,0
251,9 16 98 219,4,10,36,2.000000000000,0,0
252,9 16 98 328,4,10,36,2.000000000000,0,0
253,9 16 98 329,4,10,36,2.000000000000,0,0
254,9 16 98 347,4,10,36,2.000000000000,0,0
255,9 16 98 348,4,10,36,2.000000000000,0,0
256,9 16 218 328,4,10,36,2.000000000000,0,0
257,9 16 218 330,4,10,36,2.000000000000,0,0
258,9 16 218 348,4,10,36,2.000000000000,0,0
259,9 16 218 353,4,10,36,2.000000000000,0,0
260,9 16 219 328,4,10,36,2.000000000000,0,0
261,9 16 219 330,4,10,36,2.000000000000,0,0
262,9 16 219 348,4,10,36,2.000000000000,0,0
263,9 16 219 353,4,10,36,2.000000000000,0,0
264,9 22 73 218,4,10,36,2.000000000000,0,0
265,9 22 73 219,4,10,36,2.000000000000,0,0
266,9 22 73 328,4,10,36,2.000000000000,0,0
267,9 22 73 329,4,10,36,2.000000000000,0,0
268,9 22 73 347,4,10,36,2.000000000000,0,0
269,9 22 73 348,4,10,36,2.000000000000,0,0
270,9 22 74 218,4,10,36,2.000000000000,0,0
271,9 22 74 219,4,10,36,2.000000000000,0,0
272,9 22 74 328,4,10,36,2.000000000000,0,0
273,9 22 74 329,4,10,36,2.000000000000,0,0
274,9 22 74 348,4,10,36,2.000000000000,0,0
275,9 22 79 218,4,10,36,2.000000000000,0,0
276,9 22 79 219,4,10,36,2.000000000000,0,0
277,9 22 95 218,4,10,36,2.000000000000,0,0
278,9 22 95 219,4,10,36,2.000000000000,0,0
279,9 22 97 218,4,10,36,2.000000000000,0,0
280,9 22 97 219,4,10,36,2.000000000000,0,0
281,9 22 97 328,4,10,36,2.000000000000,0,0
282,9 22 97 329,4,10,36,2.000000000000,0,0
283,9 22 98 218,4,10,36,2.000000000000,0,0
284,9 22 98 219,4,10,36,2.000000000000,0,0
285,9 22 98 329,4,10,36,2.000000000000,0,0
286,9 22 212,3,9,27,2.000000000000,0,0
287,9 22 218,3,8,18,2.000000000000,0,0
288,9 22 218 218,4,10,36,2.000000000000,0,0
289,9 22 218 219,4,10,36,2.000000000000,0,0
290,9 22 218 222,4,10,36,2.000000000000,0,0
291,9 22 219,3,8,18,2.000000000000,0,0
292,9 22 219 219,4,10,36,2.000000000000,0,0
293,9 22 219 222,4,10,36,2.000000000000,0,0
294,9 58 73 328,4,10,36,2.000000000000,0,0
295,9 58 73 348,4,10,36,2.000000000000,0,0
296,9 58 74 328,4,10,36,2.000000000000,0,0
297,9 58 74 348,4,10,36,2.000000000000,0,0
298,9 58 97 218,4,10,36,2.000000000000,0,0
299,9 58 97 219,4,10,36,2.000000000000,0,0
300,9 58 97 328,4,10,36,2.000000000000,0,0
301,9 58 97 329,4,10,36,2.000000000000,0,0
302,9 58 97 347,4,10,36,2.000000000000,0,0
303,9 58 97 348,4,10,36,2.000000000000,0,0
304,9 58 98 218,4,10,36,2.000000000000,0,0
305,9 58 98 219,4,10,36,2.000000000000,0,0
306,9 58 98 328,4,10,36,2.000000000000,0,0
307,9 58 98 329,4,10,36,2.000000000000,0,0
308,9 58 98 347,4,10,36,2.000000000000,0,0
309,9 58 98 348,4,10,36,2.000000000000,0,0
310,9 58 218 328,4,10,36,2.000000000000,0,0
311,9 58 218 330,4,10,36,2.000000000000,0,0
312,9 58 218 348,4,10,36,2.000000000000,0,0
313,9 58 218 353,4,10,36,2.000000000000,0,0
314,9 58 219 328,4,10,36,2.000000000000,0,0
315,9 58 219 330,4,10,36,2.000000000000,0,0
316,9 58 219 348,4,10,36,2.000000000000,0,0
317,9 58 219 353,4,10,36,2.000000000000,0,0
318,9 62 73 328,4,10,36,2.000000000000,0,0
319,9 62 73 348,4,10,36,2.000000000000,0,0
320,9 62 74 328,4,10,36,2.000000000000,0,0
321,9 62 74 348,4,10,36,2.000000000000,0,0
322,9 62 79 328,4,10,36,2.000000000000,0,0
323,9 62 79 348,4,10,36,2.000000000000,0,0
324,9 62 95 328,4,10,36,2.000000000000,0,0
325,9 62 95 348,4,10,36,2.000000000000,0,0
326,9 62 97 218,4,10,36,2.000000000000,0,0
327,9 62 97 219,4,10,36,2.000000000000,0,0
328,9 62 97 328,4,10,36,2.000000000000,0,0
329,9 62 97 329,4,10,36,2.000000000000,0,0
330,9 62 97 347,4,10,36,2.000000000000,0,0
331,9 62 97 348,4,10,36,2.000000000000,0,0
332,9 62 98 218,4,10,36,2.000000000000,0,0
333,9 62 98 219,4,10,36,2.000000000000,0,0
334,9 62 98 328,4,10,36,2.000000000000,0,0
335,9 62 98 329,4,10,36,2.000000000000,0,0
336,9 62 98 347,4,10,36,2.000000000000,0,0
337,9 62 98 348,4,10,36,2.000000000000,0,0
338,9 62 218 328,4,10,36,2.000000000000,0,0
339,9 62 218 330,4,10,36,2.000000000000,0,0
340,9 62 218 348,4,10,36,2.000000000000,0,0
341,9 62 218 353,4,10,36,2.000000000000,0,0
342,9 62 219 328,4,10,36,2.000000000000,0,0
343,9 62 219 330,4,10,36,2.000000000000,0,0
344,9 62 219 348,4,10,36,2.000000000000,0,0
345,9 62 219 353,4,10,36,2.000000000000,0,0
346,9 62 222 328,4,10,36,2.000000000000,0,0
347,9 62 222 348,4,10,36,2.000000000000,0,0
348,9 62 328,3,8,18,2.000000000000,0,0
349,9 62 328 328,4,10,36,2.000000000000,0,0
350,9 62 328 329,4,10,36,2.000000000000,0,0
351,9 62 328 330,4,10,36,2.000000000000,0,0
352,9 62 328 347,4,10,36,2.000000000000,0,0
353,9 62 328 348,4,10,36,2.000000000000,0,0
354,9 62 328 353,4,10,36,2.000000000000,0,0
355,9 62 329 330,4,10,36,2.000000000000,0,0
356,9 62 329 348,4,10,36,2.000000000000,0,0
357,9 62 329 353,4,10,36,2.000000000000,0,0
358,9 62 330 347,4,10,36,2.000000000000,0,0
359,9 62 330 348,4,10,36,2.000000000000,0,0
360,9 62 340,3,9,27,2.000000000000,0,0
361,9 62 347 348,4,10,36,2.000000000000,0,0
362,9 62 347 353,4,10,36,2.000000000000,0,0
363,9 62 348,3,8,18,2.000000000000,0,0
364,9 62 348 348,4,10,36,2.000000000000,0,0
365,9 62 348 353,4,10,36,2.000000000000,0,0
366,9 63 73 328,4,10,36,2.000000000000,0,0
367,9 63 73 348,4,10,36,2.000000000000,0,0
368,9 63 74 328,4,10,36,2.000000000000,0,0
369,9 63 74 348,4,10,36,2.000000000000,0,0
370,9 63 79 328,4,10,36,2.000000000000,0,0
371,9 63 79 348,4,10,36,2.000000000000,0,0
372,9 63 95 328,4,10,36,2.000000000000,0,0
373,9 63 95 348,4,10,36,2.000000000000,0,0
374,9 63 97 218,4,10,36,2.000000000000,0,0
375,9 63 97 219,4,10,36,2.000000000000,0,0
376,9 63 97 328,4,10,36,2.000000000000,0,0
377,9 63 97 329,4,10,36,2.000000000000,0,0
378,9 63 97 347,4,10,36,2.000000000000,0,0
379,9 63 97 348,4,10,36,2.000000000000,0,0
380,9 63 98 218,4,10,36,2.000000000000,0,0
381,9 63 98 219,4,10,36,2.000000000000,0,0
382,9 63 98 328,4,10,36,2.000000000000,0,0
383,9 63 98 329,4,10,36,2.000000000000,0,0
384,9 63 98 347,4,10,36,2.000000000000,0,0
385,9 63 98 348,4,10,36,2.000000000000,0,0
386,9 63 218 328,4,10,36,2.000000000000,0,0
387,9 63 218 330,4,10,36,2.000000000000,0,0
388,9 63 218 348,4,10,36,2.000000000000,0,0
389,9 63 218 353,4,10,36,2.000000000000,0,0
390,9 63 219 328,4,10,36,2.000000000000,0,0
391,9 63 219 330,4,10,36,2.000000000000,0,0
392,9 63 219 348,4,10,36,2.000000000000,0,0
393,9 63 219 353,4,10,36,2.000000000000,0,0
394,9 63 222 328,4,10,36,2.000000000000,0,0
395,9 63 222 348,4,10,36,2.000000000000,0,0
396,9 63 328,3,8,18,2.000000000000,0,0
397,9 63 328 328,4,10,36,2.000000000000,0,0
398,9 63 328 329,4,10,36,2.000000000000,0,0
399,9 63 328 330,4,10,36,2.000000000000,0,0
400,9 63 328 347,4,10,36,2.000000000000,0,0
401,9 63 328 348,4,10,36,2.000000000000,0,0
402,9 63 328 353,4,10,36,2.000000000000,0,0
403,9 63 329 330,4,10,36,2.000000000000,0,0
404,9 63 329 348,4,10,36,2.000000000000,0,0
405,9 63 329 353,4,10,36,2.000000000000,0,0
406,9 63 330 347,4,10,36,2.000000000000,0,0
407,9 63 330 348,4,10,36,2.000000000000,0,0
408,9 63 340,3,9,27,2.000000000000,0,0
409,9 63 347 348,4,10,36,2.000000000000,0,0
410,9 63 347 353,4,10,36,2.000000000000,0,0
411,9 63 348,3,8,18,2.000000000000,0,0
412,9 63 348 348,4,10,36,2.000000000000,0,0
413,9 63 348 353,4,10,36,2.000000000000,0,0
414,9 64 73 328,4,10,36,2.000000000000,0,0
415,9 64 73 348,4,10,36,2.000000000000,0,0
416,9 64 74 328,4,10,36,2.000000000000,0,0
417,9 64 74 348,4,10,36,2.000000000000,0,0
418,9 64 97 218,4,10,36,2.000000000000,0,0
419,9 64 97 219,4,10,36,2.000000000000,0,0
420,9 64 97 328,4,10,36,2.000000000000,0,0
421,9 64 97 329,4,10,36,2.000000000000,0,0
422,9 64 97 347,4,10,36,2.000000000000,0,0
423,9 64 97 348,4,10,36,2.000000000000,0,0
424,9 64 98 218,4,10,36,2.000000000000,0,0
425,9 64 98 219,4,10,36,2.000000000000,0,0
426,9 64 98 328,4,10,36,2.000000000000,0,0
427,9 64 98 329,4,10,36,2.000000000000,0,0
428,9 64 98 347,4,10,36,2.000000000000,0,0
429,9 64 98 348,4,10,36,2.000000000000,0,0
430,9 64 218 328,4,10,36,2.000000000000,0,0
431,9 64 218 330,4,10,36,2.000000000000,0,0
432,9 64 218 348,4,10,36,2.000000000000,0,0
433,9 64 218 353,4,10,36,2.000000000000,0,0
434,9 64 219 328,4,10,36,2.000000000000,0,0
435,9 64 219 330,4,10,36,2.000000000000,0,0
436,9 64 219 348,4,10,36,2.000000000000,0,0
437,9 64 219 353,4,10,36,2.000000000000,0,0
438,9 73 73 328,4,9,24,2.000000000000,0,0
439,9 73 73 340,4,10,36,2.000000000000,0,0
440,9 73 74 328,4,9,24,2.000000000000,0,0
441,9 73 74 340,4,10,36,2.000000000000,0,0
442,9 73 79 328,4,9,24,2.000000000000,0,0
443,9 73 79 340,4,10,36,2.000000000000,0,0
444,9 73 81 328,4,10,36,2.000000000000,0,0
445,9 73 88 218,4,10,36,2.000000000000,0,0
446,9 73 88 219,4,10,36,2.000000000000,0,0
447,9 73 88 328,4,10,36,2.000000000000,0,0
448,9 73 88 329,4,10,36,2.000000000000,0,0
449,9 73 88 347,4,10,36,2.000000000000,0,0
450,9 73 88 348,4,10,36,2.000000000000,0,0
451,9 73 95 328,4,9,24,2.000000000000,0,0
452,9 73 95 340,4,10,36,2.000000000000,0,0
453,9 73 95 348,4,9,24,2.000000000000,0,0
454,9 73 97 218,4,9,24,2.000000000000,0,0
455,9 73 97 219,4,9,24,2.000000000000,0,0
456,9 73 97 328,4,9,24,2.000000000000,0,0
457,9 73 97 329,4,9,24,2.000000000000,0,0
458,9 73 97 340,4,10,36,2.000000000000,0,0
459,9 73 97 341,4,10,36,2.000000000000,0,0
460,9 73 97 347,4,9,24,2.000000000000,0,0
461,9 73 97 348,4,9,24,2.000000000000,0,0
462,9 73 97 355,4,10,36,2.000000000000,0,0
463,9 73 98 219,4,9,24,2.000000000000,0,0
464,9 73 98 328,4,9,24,2.000000000000,0,0
465,9 73 98 329,4,9,24,2.000000000000,0,0
466,9 73 98 340,4,10,36,2.000000000000,0,0
467,9 73 98 341,4,10,36,2.000000000000,0,0
468,9 73 98 347,4,9,24,2.000000000000,0,0
469,9 73 98 348,4,9,24,2.000000000000,0,0
470,9 73 98 355,4,10,36,2.000000000000,0,0
471,9 73 303 328,4,10,36,2.000000000000,0,0
472,9 73 303 329,4,10,36,2.000000000000,0,0
473,9 73 303 347,4,10,36,2.000000000000,0,0
474,9 73 303 348,4,10,36,2.000000000000,0,0
475,9 73 328,3,7,12,2.000000000000,0,0
476,9 73 328 328,4,9,24,2.000000000000,0,0
477,9 73 328 329,4,9,24,2.000000000000,0,0
478,9 73 328 330,4,9,24,2.000000000000,0,0
479,9 73 328 340,4,10,36,2.000000000000,0,0
480,9 73 328 341,4,10,36,2.000000000000,0,0
481,9 73 328 342,4,10,36,2.000000000000,0,0
482,9 73 328 347,4,9,24,2.000000000000,0,0
483,9 73 328 348,4,9,24,2.000000000000,0,0
484,9 73 328 353,4,9,24,2.000000000000,0,0
485,9 73 329 330,4,9,24,2.000000000000,0,0
486,9 73 329 340,4,10,36,2.000000000000,0,0
487,9 73 329 342,4,10,36,2.000000000000,0,0
488,9 73 329 353,4,9,24,2.000000000000,0,0
489,9 73 330 340,4,10,36,2.000000000000,0,0
490,9 73 330 341,4,10,36,2.000000000000,0,0
491,9 73 330 347,4,9,24,2.000000000000,0,0
492,9 73 340,3,8,18,2.000000000000,0,0
493,9 74 74 328,4,9,24,2.000000000000,0,0
494,9 74 74 340,4,10,36,2.000000000000,0,0
495,9 74 79 328,4,9,24,2.000000000000,0,0
496,9 74 79 340,4,10,36,2.000000000000,0,0
497,9 74 81 328,4,10,36,2.000000000000,0,0
498,9 74 88 218,4,10,36,2.000000000000,0,0
499,9 74 88 219,4,10,36,2.000000000000,0,0
500,9 74 88 328,4,10,36,2.000000000000,0,0
501,9 74 88 329,4,10,36,2.000000000000,0,0
502,9 74 88 347,4,10,36,2.000000000000,0,0
503,9 74 88 348,4,10,36,2.000000000000,0,0
504,9 74 95 328,4,9,24,2.000000000000,0,0
505,9 74 95 340,4,10,36,2.000000000000,0,0
506,9 74 95 348,4,9,24,2.000000000000,0,0
507,9 74 97 218,4,9,24,2.000000000000,0,0
508,9 74 97 219,4,9,24,2.000000000000,0,0
509,9 74 97 328,4,9,24,2.000000000000,0,0
510,9 74 97 329,4,9,24,2.000000000000,0,0
511,9 74 97 340,4,10,36,2.000000000000,0,0
512,9 74 97 341,4,10,36,2.000000000000,0,0
513,9 74 97 347,4,9,24,2.000000000000,0,0
514,9 74 97 348,4,9,24,2.000000000000,0,0
515,9 74 97 355,4,10,36,2.000000000000,0,0
516,9 74 98 219,4,9,24,2.000000000000,0,0
517,9 74 98 328,4,9,24,2.000000000000,0,0
518,9 74 98 329,4,9,24,2.000000000000,0,0
519,9 74 98 340,4,10,36,2.000000000000,0,0
520,9 74 98 341,4,10,36,2.000000000000,0,0
521,9 74 98 347,4,9,24,2.000000000000,0,0
522,9 74 98 348,4,9,24,2.000000000000,0,0
523,9 74 98 355,4,10,36,2.000000000000,0,0
524,9 74 303 328,4,10,36,2.000000000000,0,0
525,9 74 303 329,4,10,36,2.000000000000,0,0
526,9 74 303 347,4,10,36,2.000000000000,0,0
527,9 74 303 348,4,10,36,2.000000000000,0,0
528,9 74 328,3,7,12,2.000000000000,0,0
529,9 74 328 328,4,9,24,2.000000000000,0,0
530,9 74 328 329,4,9,24,2.000000000000,0,0
531,9 74 328 330,4,9,24,2.000000000000,0,0
532,9 74 328 340,4,10,36,2.000000000000,0,0
533,9 74 328 341,4,10,36,2.000000000000,0,0
534,9 74 328 342,4,10,36,2.000000000000,0,0
535,9 74 328 347,4,9,24,2.000000000000,0,0
536,9 74 328 348,4,9,24,2.000000000000,0,0
537,9 74 328 353,4,9,24,2.000000000000,0,0
538,9 74 329 330,4,9,24,2.000000000000,0,0
539,9 74 329 340,4,10,36,2.000000000000,0,0
540,9 74 329 342,4,10,36,2.000000000000,0,0
541,9 74 329 353,4,9,24,2.000000000000,0,0
542,9 74 330 340,4,10,36,2.000000000000,0,0
543,9 74 330 341,4,10,36,2.000000000000,0,0
544,9 74 330 347,4,9,24,2.000000000000,0,0
545,9 74 340,3,8,18,2.000000000000,0,0
546,9 79 81 328,4,10,36,2.000000000000,0,0
547,9 79 88 218,4,10,36,2.000000000000,0,0
548,9 79 88 219,4,10,36,2.000000000000,0,0
549,9 79 88 328,4,10,36,2.000000000000,0,0
550,9 79 88 329,4,10,36,2.000000000000,0,0
551,9 79 88 347,4,10,36,2.000000000000,0,0
552,9 79 88 348,4,10,36,2.000000000000,0,0
553,9 79 97 218,4,9,24,2.000000000000,0,0
554,9 79 97 219,4,9,24,2.000000000000,0,0
555,9 79 97 328,4,9,24,2.000000000000,0,0
556,9 79 97 329,4,9,24,2.000000000000,0,0
557,9 79 97 340,4,10,36,2.000000000000,0,0
558,9 79 97 341,4,10,36,2.000000000000,0,0
559,9 79 97 347,4,9,24,2.000000000000,0,0
560,9 79 97 348,4,9,24,2.000000000000,0,0
561,9 79 97 355,4,10,36,2.000000000000,0,0
562,9 79 98 219,4,9,24,2.000000000000,0,0
563,9 79 98 328,4,9,24,2.000000000000,0,0
564,9 79 98 329,4,9,24,2.000000000000,0,0
565,9 79 98 340,4,10,36,2.000000000000,0,0
566,9 79 98 341,4,10,36,2.000000000000,0,0
567,9 79 98 347,4,9,24,2.000000000000,0,0
568,9 79 98 348,4,9,24,2.000000000000,0,0
569,9 79 98 355,4,10,36,2.000000000000,0,0
570,9 81 95 328,4,10,36,2.000000000000,0,0
571,9 81 95 348,4,10,36,2.000000000000,0,0
572,9 81 97 218,4,10,36,2.000000000000,0,0
573,9 81 97 219,4,10,36,2.000000000000,0,0
574,9 81 97 328,4,10,36,2.000000000000,0,0
575,9 81 97 329,4,10,36,2.000000000000,0,0
576,9 81 97 347,4,10,36,2.000000000000,0,0
577,9 81 97 348,4,10,36,2.000000000000,0,0
578,9 81 98 219,4,10,36,2.000000000000,0,0
579,9 81 98 328,4,10,36,2.000000000000,0,0
580,9 81 98 329,4,10,36,2.000000000000,0,0
581,9 81 98 347,4,10,36,2.000000000000,0,0
582,9 81 98 348,4,10,36,2.000000000000,0,0
583,9 81 328,3,8,18,2.000000000000,0,0
584,9 81 328 328,4,10,36,2.000000000000,0,0
585,9 81 328 329,4,10,36,2.000000000000,0,0
586,9 81 328 330,4,10,36,2.000000000000,0,0
587,9 81 328 347,4,10,36,2.000000000000,0,0
588,9 81 328 348,4,10,36,2.000000000000,0,0
589,9 81 328 353,4,10,36,2.000000000000,0,0
590,9 81 329 330,4,10,36,2.000000000000,0,0
591,9 81 329 353,4,10,36,2.000000000000,0,0
592,9 81 330 347,4,10,36,2.000000000000,0,0
593,9 81 340,3,9,27,2.000000000000,0,0
594,9 88 218,3,8,18,2.000000000000,0,0
595,9 88 218 218,4,10,36,2.000000000000,0,0
596,9 88 218 219,4,10,36,2.000000000000,0,0
597,9 88 218 222,4,10,36,2.000000000000,0,0
598,9 88 218 328,4,10,36,2.000000000000,0,0
599,9 88 218 329,4,10,36,2.000000000000,0,0
600,9 88 218 330,4,10,36,2.000000000000,0,0
601,9 88 218 347,4,10,36,2.000000000000,0,0
602,9 88 218 348,4,10,36,2.000000000000,0,0
603,9 88 218 353,4,10,36,2.000000000000,0,0
604,9 88 219,3,8,18,2.000000000000,0,0
605,9 88 219 219,4,10,36,2.000000000000,0,0
606,9 88 219 222,4,10,36,2.000000000000,0,0
607,9 88 219 329,4,10,36,2.000000000000,0,0
608,9 88 219 330,4,10,36,2.000000000000,0,0
609,9 88 219 347,4,10,36,2.000000000000,0,0
610,9 88 219 348,4,10,36,2.000000000000,0,0
611,9 88 219 353,4,10,36,2.000000000000,0,0
612,9 88 222 347,4,10,36,2.000000000000,0,0
613,9 88 222 348,4,10,36,2.000000000000,0,0
614,9 88 347,3,8,18,2.000000000000,0,0
615,9 88 347 347,4,10,36,2.000000000000,0,0
616,9 88 347 348,4,10,36,2.000000000000,0,0
617,9 88 347 353,4,10,36,2.000000000000,0,0
618,9 88 348,3,8,18,2.000000000000,0,0
619,9 88 348 348,4,10,36,2.000000000000,0,0
620,9 88 348 353,4,10,36,2.000000000000,0,0
621,9 88 355,3,9,27,2.000000000000,0,0
622,9 95 97 218,4,9,24,2.000000000000,0,0
623,9 95 97 219,4,9,24,2.000000000000,0,0
624,9 95 97 328,4,9,24,2.000000000000,0,0
625,9 95 97 329,4,9,24,2.000000000000,0,0
626,9 95 97 340,4,10,36,2.000000000000,0,0
627,9 95 97 341,4,10,36,2.000000000000,0,0
628,9 95 97 347,4,9,24,2.000000000000,0,0
629,9 95 97 348,4,9,24,2.000000000000,0,0
630,9 95 97 355,4,10,36,2.000000000000,0,0
631,9 95 98 218,4,9,24,2.000000000000,0,0
632,9 95 98 219,4,9,24,2.000000000000,0,0
633,9 95 98 328,4,9,24,2.000000000000,0,0
634,9 95 98 329,4,9,24,2.000000000000,0,0
635,9 95 98 340,4,10,36,2.000000000000,0,0
636,9 95 98 341,4,10,36,2.000000000000,0,0
637,9 95 98 347,4,9,24,2.000000000000,0,0
638,9 95 98 348,4,9,24,2.000000000000,0,0
639,9 95 98 355,4,10,36,2.000000000000,0,0
640,9 95 218 303,4,10,36,2.000000000000,0,0
641,9 95 218 328,4,9,24,2.000000000000,0,0
642,9 95 218 330,4,9,24,2.000000000000,0,0
643,9 95 218 340,4,10,36,2.000000000000,0,0
644,9 95 218 342,4,10,36,2.000000000000,0,0
645,9 95 218 348,4,9,24,2.000000000000,0,0
646,9 95 218 353,4,9,24,2.000000000000,0,0
647,9 95 219 303,4,10,36,2.000000000000,0,0
648,9 95 219 328,4,9,24,2.000000000000,0,0
649,9 95 219 330,4,9,24,2.000000000000,0,0
650,9 95 219 340,4,10,36,2.000000000000,0,0
651,9 95 219 342,4,10,36,2.000000000000,0,0
652,9 95 219 348,4,9,24,2.000000000000,0,0
653,9 95 219 353,4,9,24,2.000000000000,0,0
654,9 97 97 218,4,9,24,2.000000000000,0,0
655,9 97 97 219,4,9,24,2.000000000000,0,0
656,9 97 97 328,4,9,24,2.000000000000,0,0
657,9 97 97 329,4,9,24,2.000000000000,0,0
658,9 97 97 340,4,10,36,2.000000000000,0,0
659,9 97 97 341,4,10,36,2.000000000000,0,0
660,9 97 97 347,4,9,24,2.000000000000,0,0
661,9 97 97 348,4,9,24,2.000000000000,0,0
662,9 97 97 355,4,10,36,2.000000000000,0,0
663,9 97 98 218,4,9,24,2.000000000000,0,0
664,9 97 98 219,4,9,24,2.000000000000,0,0
665,9 97 98 328,4,9,24,2.000000000000,0,0
666,9 97 98 329,4,9,24,2.000000000000,0,0
667,9 97 98 340,4,10,36,2.000000000000,0,0
668,9 97 98 341,4,10,36,2.000000000000,0,0
669,9 97 98 347,4,9,24,2.000000000000,0,0
670,9 97 98 348,4,9,24,2.000000000000,0,0
671,9 97 98 355,4,10,36,2.000000000000,0,0
672,9 97 218,3,7,12,2.000000000000,0,0
673,9 97 218 303,4,10,36,2.000000000000,0,0
674,9 97 218 328,4,9,24,2.000000000000,0,0
675,9 97 218 329,4,9,24,2.000000000000,0,0
676,9 97 218 330,4,9,24,2.000000000000,0,0
677,9 97 218 340,4,10,36,2.000000000000,0,0
678,9 97 218 341,4,10,36,2.000000000000,0,0
679,9 97 219,3,7,12,2.000000000000,0,0
680,9 97 219 219,4,9,24,2.000000000000,0,0
681,9 97 219 303,4,10,36,2.000000000000,0,0
682,9 97 219 328,4,9,24,2.000000000000,0,0
683,9 97 219 329,4,9,24,2.000000000000,0,0
684,9 97 219 330,4,9,24,2.000000000000,0,0
685,9 97 219 340,4,10,36,2.000000000000,0,0
686,9 97 219 341,4,10,36,2.000000000000,0,0
687,9 97 219 342,4,10,36,2.000000000000,0,0
688,9 97 219 347,4,9,24,2.000000000000,0,0
689,9 97 219 348,4,9,24,2.000000000000,0,0
690,9 97 219 353,4,9,24,2.000000000000,0,0
691,9 97 219 355,4,10,36,2.000000000000,0,0
692,9 97 303 328,4,10,36,2.000000000000,0,0
693,9 97 303 329,4,10,36,2.000000000000,0,0
694,9 97 303 347,4,10,36,2.000000000000,0,0
695,9 97 303 348,4,10,36,2.000000000000,0,0
696,9 97 328,3,7,12,2.000000000000,0,0
697,9 97 328 328,4,9,24,2.000000000000,0,0
698,9 97 328 329,4,9,24,2.000000000000,0,0
699,9 97 328 330,4,9,24,2.000000000000,0,0
700,9 97 328 340,4,10,36,2.000000000000,0,0
701,9 97 328 341,4,10,36,2.000000000000,0,0
702,9 97 328 342,4,10,36,2.000000000000,0,0
703,9 97 328 347,4,9,24,2.000000000000,0,0
704,9 97 328 348,4,9,24,2.000000000000,0,0
705,9 97 328 353,4,9,24,2.000000000000,0,0
706,9 97 328 355,4,10,36,2.000000000000,0,0
707,9 97 329,3,7,12,2.000000000000,0,0
708,9 97 329 329,4,9,24,2.000000000000,0,0
709,9 97 329 330,4,9,24,2.000000000000,0,0
710,9 97 329 340,4,10,36,2.000000000000,0,0
711,9 97 329 341,4,10,36,2.000000000000,0,0
712,9 97 329 342,4,10,36,2.000000000000,0,0
713,9 97 329 347,4,9,24,2.000000000000,0,0
714,9 97 329 348,4,9,24,2.000000000000,0,0
715,9 97 329 353,4,9,24,2.000000000000,0,0
716,9 97 329 355,4,10,36,2.000000000000,0,0
717,9 97 330 340,4,10,36,2.000000000000,0,0
718,9 97 330 341,4,10,36,2.000000000000,0,0
719,9 97 330 347,4,9,24,2.000000000000,0,0
720,9 97 330 348,4,9,24,2.000000000000,0,0
721,9 97 330 355,4,10,36,2.000000000000,0,0
722,9 97 340,3,8,18,2.000000000000,0,0
723,9 97 340 347,4,10,36,2.000000000000,0,0
724,9 97 340 348,4,10,36,2.000000000000,0,0
725,9 97 340 353,4,10,36,2.000000000000,0,0
726,9 97 341,3,8,18,2.000000000000,0,0
727,9 97 341 347,4,10,36,2.000000000000,0,0
728,9 97 341 348,4,10,36,2.000000000000,0,0
729,9 97 341 353,4,10,36,2.000000000000,0,0
730,9 97 342 347,4,10,36,2.000000000000,0,0
731,9 97 342 348,4,10,36,2.000000000000,0,0
732,9 97 347,3,7,12,2.000000000000,0,0
733,9 97 347 347,4,9,24,2.000000000000,0,0
734,9 97 347 348,4,9,24,2.000000000000,0,0
735,9 97 347 353,4,9,24,2.000000000000,0,0
736,9 97 347 355,4,10,36,2.000000000000,0,0
737,9 97 348,3,7,12,2.000000000000,0,0
738,9 97 348 348,4,9,24,2.000000000000,0,0
739,9 97 348 353,4,9,24,2.000000000000,0,0
740,9 97 348 355,4,10,36,2.000000000000,0,0
741,9 97 353 355,4,10,36,2.000000000000,0,0
742,9 97 355,3,8,18,2.000000000000,0,0
743,9 98 98 219,4,9,24,2.000000000000,0,0
744,9 98 98 328,4,9,24,2.000000000000,0,0
745,9 98 98 329,4,9,24,2.000000000000,0,0
746,9 98 98 340,4,10,36,2.000000000000,0,0
747,9 98 98 341,4,10,36,2.000000000000,0,0
748,9 98 98 347,4,9,24,2.000000000000,0,0
749,9 98 98 348,4,9,24,2.000000000000,0,0
750,9 98 98 355,4,10,36,2.000000000000,0,0
751,9 98 219,3,7,12,2.000000000000,0,0
752,9 98 219 303,4,10,36,2.000000000000,0,0
753,9 98 219 328,4,9,24,2.000000000000,0,0
754,9 98 219 329,4,9,24,2.000000000000,0,0
755,9 98 219 330,4,9,24,2.000000000000,0,0
756,9 98 219 340,4,10,36,2.000000000000,0,0
757,9 98 219 341,4,10,36,2.000000000000,0,0
758,9 98 303 328,4,10,36,2.000000000000,0,0
759,9 98 303 329,4,10,36,2.000000000000,0,0
760,9 98 303 347,4,10,36,2.000000000000,0,0
761,9 98 303 348,4,10,36,2.000000000000,0,0
762,9 98 328,3,7,12,2.000000000000,0,0
763,9 98 328 328,4,9,24,2.000000000000,0,0
764,9 98 328 329,4,9,24,2.000000000000,0,0
765,9 98 328 330,4,9,24,2.000000000000,0,0
766,9 98 328 340,4,10,36,2.000000000000,0,0
767,9 98 328 341,4,10,36,2.000000000000,0,0
768,9 98 328 342,4,10,36,2.000000000000,0,0
769,9 98 328 347,4,9,24,2.000000000000,0,0
770,9 98 328 348,4,9,24,2.000000000000,0,0
771,9 98 328 353,4,9,24,2.000000000000,0,0
772,9 98 328 355,4,10,36,2.000000000000,0,0
773,9 98 329,3,7,12,2.000000000000,0,0
774,9 98 329 329,4,9,24,2.000000000000,0,0
775,9 98 329 330,4,9,24,2.000000000000,0,0
776,9 98 329 340,4,10,36,2.000000000000,0,0
777,9 98 329 341,4,10,36,2.000000000000,0,0
778,9 98 329 342,4,10,36,2.000000000000,0,0
779,9 98 329 347,4,9,24,2.000000000000,0,0
780,9 98 329 348,4,9,24,2.000000000000,0,0
781,9 98 329 353,4,9,24,2.000000000000,0,0
782,9 98 329 355,4,10,36,2.000000000000,0,0
783,9 98 330 340,4,10,36,2.000000000000,0,0
784,9 98 330 341,4,10,36,2.000000000000,0,0
785,9 98 330 347,4,9,24,2.000000000000,0,0
786,9 98 330 348,4,9,24,2.000000000000,0,0
787,9 98 330 355,4,10,36,2.000000000000,0,0
788,9 98 340,3,8,18,2.000000000000,0,0
789,9 98 340 347,4,10,36,2.000000000000,0,0
790,9 98 340 348,4,10,36,2.000000000000,0,0
791,9 98 340 353,4,10,36,2.000000000000,0,0
792,9 98 341,3,8,18,2.000000000000,0,0
793,9 98 341 347,4,10,36,2.000000000000,0,0
794,9 98 341 348,4,10,36,2.000000000000,0,0
795,9 98 341 353,4,10,36,2.000000000000,0,0
796,9 98 342 347,4,10,36,2.000000000000,0,0
797,9 98 342 348,4,10,36,2.000000000000,0,0
798,9 98 347,3,7,12,2.000000000000,0,0
799,9 98 347 347,4,9,24,2.000000000000,0,0
800,9 98 347 348,4,9,24,2.000000000000,0,0
801,9 98 347 353,4,9,24,2.000000000000,0,0
802,9 98 347 355,4,10,36,2.000000000000,0,0
803,9 98 348,3,7,12,2.000000000000,0,0
804,9 98 348 348,4,9,24,2.000000000000,0,0
805,9 98 348 353,4,9,24,2.000000000000,0,0
806,9 98 348 355,4,10,36,2.000000000000,0,0
807,9 98 353 355,4,10,36,2.000000000000,0,0
808,9 98 355,3,8,18,2.000000000000,0,0
809,14 14 73 218,4,10,36,2.000000000000,0,0
810,14 14 73 348,4,10,36,2.000000000000,0,0
811,14 14 74 218,4,10,36,2.000000000000,0,0
812,14 14 74 219,4,10,36,2.000000000000,0,0
813,14 14 74 328,4,10,36,2.000000000000,0,0
814,14 14 74 329,4,10,36,2.000000000000,0,0
815,14 14 74 348,4,10,36,2.000000000000,0,0
816,14 14 79 218,4,10,36,2.000000000000,0,0
817,14 14 79 219,4,10,36,2.000000000000,0,0
818,14 14 95 218,4,10,36,2.000000000000,0,0
819,14 14 97 218,4,10,36,2.000000000000,0,0
820,14 14 98 218,4,10,36,2.000000000000,0,0
821,14 14 218,3,8,18,2.000000000000,0,0
822,14 14 218 218,4,10,36,2.000000000000,0,0
823,14 14 218 219,4,10,36,2.000000000000,0,0
824,14 14 218 222,4,10,36,2.000000000000,0,0
825,14 14 219 222,4,10,36,2.000000000000,0,0
826,14 15 73 218,4,10,36,2.000000000000,0,0
827,14 15 73 348,4,10,36,2.000000000000,0,0
828,14 15 74 218,4,10,36,2.000000000000,0,0
829,14 15 74 219,4,10,36,2.000000000000,0,0
830,14 15 74 328,4,10,36,2.000000000000,0,0
831,14 15 74 329,4,10,36,2.000000000000,0,0
832,14 15 74 347,4,10,36,2.000000000000,0,0
833,14 15 74 348,4,10,36,2.000000000000,0,0
834,14 15 79 218,4,10,36,2.000000000000,0,0
835,14 15 79 219,4,10,36,2.000000000000,0,0
836,14 15 95 218,4,10,36,2.000000000000,0,0
837,14 15 97 218,4,10,36,2.000000000000,0,0
838,14 15 97 348,4,10,36,2.000000000000,0,0
839,14 15 98 218,4,10,36,2.000000000000,0,0
840,14 15 98 348,4,10,36,2.000000000000,0,0
841,14 15 218,3,8,18,2.000000000000,0,0
842,14 15 218 218,4,10,36,2.000000000000,0,0
843,14 15 218 219,4,10,36,2.000000000000,0,0
844,14 15 218 222,4,10,36,2.000000000000,0,0
845,14 15 218 328,4,10,36,2.000000000000,0,0
846,14 15 218 329,4,10,36,2.000000000000,0,0
847,14 15 218 330,4,10,36,2.000000000000,0,0
848,14 15 218 347,4,10,36,2.000000000000,0,0
849,14 15 218 348,4,10,36,2.000000000000,0,0
850,14 15 218 353,4,10,36,2.000000000000,0,0
851,14 15 219 222,4,10,36,2.000000000000,0,0
852,14 15 219 348,4,10,36,2.000000000000,0,0
853,14 15 219 353,4,10,36,2.000000000000,0,0
854,14 58 73 218,4,10,36,2.000000000000,0,0
855,14 58 73 219,4,10,36,2.000000000000,0,0
856,14 58 73 328,4,10,36,2.000000000000,0,0
857,14 58 73 329,4,10,36,2.000000000000,0,0
858,14 58 73 347,4,10,36,2.000000000000,0,0
859,14 58 73 348,4,10,36,2.000000000000,0,0
860,14 58 74 218,4,10,36,2.000000000000,0,0
861,14 58 74 219,4,10,36,2.000000000000,0,0
862,14 58 74 328,4,10,36,2.000000000000,0,0
863,14 58 74 329,4,10,36,2.000000000000,0,0
864,14 58 74 348,4,10,36,2.000000000000,0,0
865,14 58 79 218,4,10,36,2.000000000000,0,0
866,14 58 79 219,4,10,36,2.000000000000,0,0
867,14 58 95 218,4,10,36,2.000000000000,0,0
868,14 58 95 219,4,10,36,2.000000000000,0,0
869,14 58 97 218,4,10,36,2.000000000000,0,0
870,14 58 97 219,4,10,36,2.000000000000,0,0
871,14 58 97 328,4,10,36,2.000000000000,0,0
872,14 58 97 329,4,10,36,2.000000000000,0,0
873,14 58 98 218,4,10,36,2.000000000000,0,0
874,14 58 98 219,4,10,36,2.000000000000,0,0
875,14 58 98 329,4,10,36,2.000000000000,0,0
876,14 58 218,3,8,18,2.000000000000,0,0
877,14 58 218 218,4,10,36,2.000000000000,0,0
878,14 58 218 219,4,10,36,2.000000000000,0,0
879,14 58 218 222,4,10,36,2.000000000000,0,0
880,14 58 219,3,8,18,2.000000000000,0,0
881,14 58 219 219,4,10,36,2.000000000000,0,0
882,14 58 219 222,4,10,36,2.000000000000,0,0
883,14 62 73 218,4,10,36,2.000000000000,0,0
884,14 62 73 348,4,10,36,2.000000000000,0,0
885,14 62 74 218,4,10,36,2.000000000000,0,0
886,14 62 74 219,4,10,36,2.000000000000,0,0
887,14 62 74 328,4,10,36,2.000000000000,0,0
888,14 62 74 329,4,10,36,2.000000000000,0,0
889,14 62 74 347,4,10,36,2.000000000000,0,0
890,14 62 74 348,4,10,36,2.000000000000,0,0
891,14 62 79 218,4,10,36,2.000000000000,0,0
892,14 62 79 219,4,10,36,2.000000000000,0,0
893,14 62 79 329,4,10,36,2.000000000000,0,0
894,14 62 79 347,4,10,36,2.000000000000,0,0
895,14 62 79 348,4,10,36,2.000000000000,0,0
896,14 62 95 218,4,10,36,2.000000000000,0,0
897,14 62 97 218,4,10,36,2.000000000000,0,0
898,14 62 98 218,4,10,36,2.000000000000,0,0
899,14 62 218,3,8,18,2.000000000000,0,0
900,14 62 218 218,4,10,36,2.000000000000,0,0
901,14 62 218 219,4,10,36,2.000000000000,0,0
902,14 62 218 222,4,10,36,2.000000000000,0,0
903,14 62 218 347,4,10,36,2.000000000000,0,0
904,14 62 218 348,4,10,36,2.000000000000,0,0
905,14 62 218 353,4,10,36,2.000000000000,0,0
906,14 62 219 222,4,10,36,2.000000000000,0,0
907,14 62 219 353,4,10,36,2.000000000000,0,0
908,14 62 222 347,4,10,36,2.000000000000,0,0
909,14 62 336,3,9,27,2.000000000000,0,0
910,14 63 73 218,4,10,36,2.000000000000,0,0
911,14 63 73 348,4,10,36,2.000000000000,0,0
912,14 63 74 218,4,10,36,2.000000000000,0,0
913,14 63 74 219,4,10,36,2.000000000000,0,0
914,14 63 74 328,4,10,36,2.000000000000,0,0
915,14 63 74 329,4,10,36,2.000000000000,0,0
916,14 63 74 347,4,10,36,2.000000000000,0,0
917,14 63 74 348,4,10,36,2.000000000000,0,0
918,14 63 79 218,4,10,36,2.000000000000,0,0
919,14 63 79 219,4,10,36,2.000000000000,0,0
920,14 63 79 328,4,10,36,2.000000000000,0,0
921,14 63 79 329,4,10,36,2.000000000000,0,0
922,14 63 79 347,4,10,36,2.000000000000,0,0
923,14 63 79 348,4,10,36,2.000000000000,0,0
924,14 63 95 218,4,10,36,2.000000000000,0,0
925,14 63 95 348,4,10,36,2.000000000000,0,0
926,14 63 97 218,4,10,36,2.000000000000,0,0
927,14 63 97 348,4,10,36,2.000000000000,0,0
928,14 63 98 218,4,10,36,2.000000000000,0,0
929,14 63 98 348,4,10,36,2.000000000000,0,0
930,14 63 218,3,8,18,2.000000000000,0,0
931,14 63 218 218,4,10,36,2.000000000000,0,0
932,14 63 218 219,4,10,36,2.000000000000,0,0
933,14 63 218 222,4,10,36,2.000000000000,0,0
934,14 63 218 328,4,10,36,2.000000000000,0,0
935,14 63 218 329,4,10,36,2.000000000000,0,0
936,14 63 218 330,4,10,36,2.000000000000,0,0
937,14 63 218 347,4,10,36,2.000000000000,0,0
938,14 63 218 348,4,10,36,2.000000000000,0,0
939,14 63 218 353,4,10,36,2.000000000000,0,0
940,14 63 219 222,4,10,36,2.000000000000,0,0
941,14 63 219 348,4,10,36,2.000000000000,0,0
942,14 63 219 353,4,10,36,2.000000000000,0,0
943,14 63 222 328,4,10,36,2.000000000000,0,0
944,14 63 222 329,4,10,36,2.000000000000,0,0
945,14 63 222 347,4,10,36,2.000000000000,0,0
946,14 63 222 348,4,10,36,2.000000000000,0,0
947,14 63 328 348,4,10,36,2.000000000000,0,0
948,14 63 328 353,4,10,36,2.000000000000,0,0
949,14 63 329 348,4,10,36,2.000000000000,0,0
950,14 63 329 353,4,10,36,2.000000000000,0,0
951,14 63 330 348,4,10,36,2.000000000000,0,0
952,14 63 336,3,9,27,2.000000000000,0,0
953,14 63 347 348,4,10,36,2.000000000000,0,0
954,14 63 347 353,4,10,36,2.000000000000,0,0
955,14 63 348,3,8,18,2.000000000000,0,0
956,14 63 348 348,4,10,36,2.000000000000,0,0
957,14 63 348 353,4,10,36,2.000000000000,0,0
958,14 64 73 218,4,10,36,2.000000000000,0,0
959,14 64 73 348,4,10,36,2.000000000000,0,0
960,14 64 74 218,4,10,36,2.000000000000,0,0
961,14 64 74 219,4,10,36,2.000000000000,0,0
962,14 64 74 328,4,10,36,2.000000000000,0,0
963,14 64 74 329,4,10,36,2.000000000000,0,0
964,14 64 74 347,4,10,36,2.000000000000,0,0
965,14 64 74 348,4,10,36,2.000000000000,0,0
966,14 64 79 218,4,10,36,2.000000000000,0,0
967,14 64 79 219,4,10,36,2.000000000000,0,0
968,14 64 95 218,4,10,36,2.000000000000,0,0
969,14 64 97 218,4,10,36,2.000000000000,0,0
970,14 64 97 348,4,10,36,2.000000000000,0,0
971,14 64 98 218,4,10,36,2.000000000000,0,0
972,14 64 98 348,4,10,36,2.000000000000,0,0
973,14 64 218,3,8,18,2.000000000000,0,0
974,14 64 218 218,4,10,36,2.000000000000,0,0
975,14 64 218 219,4,10,36,2.000000000000,0,0
976,14 64 218 222,4,10,36,2.000000000000,0,0
977,14 64 218 328,4,10,36,2.000000000000,0,0
978,14 64 218 329,4,10,36,2.000000000000,0,0
979,14 64 218 330,4,10,36,2.000000000000,0,0
980,14 64 218 347,4,10,36,2.000000000000,0,0
981,14 64 218 348,4,10,36,2.000000000000,0,0
982,14 64 218 353,4,10,36,2.000000000000,0,0
983,14 64 219 222,4,10,36,2.000000000000,0,0
984,14 64 219 348,4,10,36,2.000000000000,0,0
985,14 64 219 353,4,10,36,2.000000000000,0,0
986,14 66 73 218,4,10,36,2.000000000000,0,0
987,14 66 73 219,4,10,36,2.000000000000,0,0
988,14 66 73 328,4,10,36,2.000000000000,0,0
989,14 66 73 329,4,10,36,2.000000000000,0,0
990,14 66 73 347,4,10,36,2.000000000000,0,0
991,14 66 73 348,4,10,36,2.000000000000,0,0
992,14 66 74 218,4,10,36,2.000000000000,0,0
993,14 66 74 219,4,10,36,2.000000000000,0,0
994,14 66 74 328,4,10,36,2.000000000000,0,0
995,14 66 74 329,4,10,36,2.000000000000,0,0
996,14 66 74 347,4,10,36,2.000000000000,0,0
997,14 66 74 348,4,10,36,2.000000000000,0,0
998,14 66 79 218,4,10,36,2.000000000000,0,0
999,14 66 79 219,4,10,36,2.000000000000,0,0
1000,14 66 79 328,4,10,36,2.000000000000,0,0
1001,14 66 79 329,4,10,36,2.000000000000,0,0
1002,14 66 79 347,4,10,36,2.000000000000,0,0
1003,14 66 79 348,4,10,36,2.000000000000,0,0
1004,14 66 218,3,8,18,2.000000000000,0,0
1005,14 66 218 218,4,10,36,2.000000000000,0,0
1006,14 66 218 219,4,10,36,2.000000000000,0,0
1007,14 66 218 222,4,10,36,2.000000000000,0,0
1008,14 66 218 328,4,10,36,2.000000000000,0,0
1009,14 66 218 329,4,10,36,2.000000000000,0,0
1010,14 66 218 330,4,10,36,2.000000000000,0,0
1011,14 66 218 347,4,10,36,2.000000000000,0,0
1012,14 66 218 348,4,10,36,2.000000000000,0,0
1013,14 66 218 353,4,10,36,2.000000000000,0,0
1014,14 66 219,3,8,18,2.000000000000,0,0
1015,14 66 219 219,4,10,36,2.000000000000,0,0
1016,14 66 219 222,4,10,36,2.000000000000,0,0
1017,14 66 219 329,4,10,36,2.000000000000,0,0
1018,14 66 219 330,4,10,36,2.000000000000,0,0
1019,14 66 219 347,4,10,36,2.000000000000,0,0
1020,14 66 219 348,4,10,36,2.000000000000,0,0
1021,14 66 219 353,4,10,36,2.000000000000,0,0
1022,14 66 222 347,4,10,36,2.000000000000,0,0
1023,14 66 222 348,4,10,36,2.000000000000,0,0
1024,14 66 347,3,8,18,2.000000000000,0,0
1025,14 66 347 347,4,10,36,2.000000000000,0,0
1026,14 66 347 348,4,10,36,2.000000000000,0,0
1027,14 66 347 353,4,10,36,2.000000000000,0,0
1028,14 66 348,3,8,18,2.000000000000,0,0
1029,14 66 348 348,4,10,36,2.000000000000,0,0
1030,14 66 348 353,4,10,36,2.000000000000,0,0
1031,14 66 355,3,9,27,2.000000000000,0,0
1032,14 67 73 218,4,10,36,2.000000000000,0,0
1033,14 67 73 348,4,10,36,2.000000000000,0,0
1034,14 67 74 218,4,10,36,2.000000000000,0,0
1035,14 67 74 219,4,10,36,2.000000000000,0,0
1036,14 67 74 328,4,10,36,2.000000000000,0,0
1037,14 67 74 329,4,10,36,2.000000000000,0,0
1038,14 67 74 347,4,10,36,2.000000000000,0,0
1039,14 67 74 348,4,10,36,2.000000000000,0,0
1040,14 67 79 218,4,10,36,2.000000000000,0,0
1041,14 67 79 219,4,10,36,2.000000000000,0,0
1042,14 67 79 328,4,10,36,2.000000000000,0,0
1043,14 67 79 329,4,10,36,2.000000000000,0,0
1044,14 67 79 347,4,10,36,2.000000000000,0,0
1045,14 67 79 348,4,10,36,2.000000000000,0,0
1046,14 67 95 218,4,10,36,2.000000000000,0,0
1047,14 67 95 348,4,10,36,2.000000000000,0,0
1048,14 67 97 218,4,10,36,2.000000000000,0,0
1049,14 67 97 348,4,10,36,2.000000000000,0,0
1050,14 67 98 218,4,10,36,2.000000000000,0,0
1051,14 67 98 348,4,10,36,2.000000000000,0,0
1052,14 67 218,3,8,18,2.000000000000,0,0
1053,14 67 218 218,4,10,36,2.000000000000,0,0
1054,14 67 218 219,4,10,36,2.000000000000,0,0
1055,14 67 218 222,4,10,36,2.000000000000,0,0
1056,14 67 218 328,4,10,36,2.000000000000,0,0
1057,14 67 218 329,4,10,36,2.000000000000,0,0
1058,14 67 218 330,4,10,36,2.000000000000,0,0
1059,14 67 218 347,4,10,36,2.000000000000,0,0
1060,14 67 218 348,4,10,36,2.000000000000,0,0
1061,14 67 218 353,4,10,36,2.000000000000,0,0
1062,14 67 219 222,4,10,36,2.000000000000,0,0
1063,14 67 219 348,4,10,36,2.000000000000,0,0
1064,14 67 219 353,4,10,36,2.000000000000,0,0
1065,14 67 222 328,4,10,36,2.000000000000,0,0
1066,14 67 222 329,4,10,36,2.000000000000,0,0
1067,14 67 222 347,4,10,36,2.000000000000,0,0
1068,14 67 222 348,4,10,36,2.000000000000,0,0
1069,14 67 328 348,4,10,36,2.000000000000,0,0
1070,14 67 328 353,4,10,36,2.000000000000,0,0
1071,14 67 329 348,4,10,36,2.000000000000,0,0
1072,14 67 329 353,4,10,36,2.000000000000,0,0
1073,14 67 330 348,4,10,36,2.000000000000,0,0
1074,14 67 347 348,4,10,36,2.000000000000,0,0
1075,14 67 347 353,4,10,36,2.000000000000,0,0
1076,14 67 348,3,8,18,2.000000000000,0,0
1077,14 67 348 348,4,10,36,2.000000000000,0,0
1078,14 67 348 353,4,10,36,2.000000000000,0,0
1079,14 68 73 218,4,10,36,2.000000000000,0,0
1080,14 68 73 219,4,10,36,2.000000000000,0,0
1081,14 68 73 328,4,10,36,2.000000000000,0,0
1082,14 68 73 329,4,10,36,2.000000000000,0,0
1083,14 68 73 347,4,10,36,2.000000000000,0,0
1084,14 68 73 348,4,10,36,2.000000000000,0,0
1085,14 68 74 218,4,10,36,2.000000000000,0,0
1086,14 68 74 219,4,10,36,2.000000000000,0,0
1087,14 68 74 328,4,10,36,2.000000000000,0,0
1088,14 68 74 329,4,10,36,2.000000000000,0,0
1089,14 68 74 347,4,10,36,2.000000000000,0,0
1090,14 68 74 348,4,10,36,2.000000000000,0,0
1091,14 68 79 218,4,10,36,2.000000000000,0,0
1092,14 68 79 219,4,10,36,2.000000000000,0,0
1093,14 68 95 218,4,10,36,2.000000000000,0,0
1094,14 68 95 219,4,10,36,2.000000000000,0,0
1095,14 68 97 218,4,10,36,2.000000000000,0,0
1096,14 68 97 219,4,10,36,2.000000000000,0,0
1097,14 68 97 328,4,10,36,2.000000000000,0,0
1098,14 68 97 329,4,10,36,2.000000000000,0,0
1099,14 68 97 347,4,10,36,2.000000000000,0,0
1100,14 68 97 348,4,10,36,2.000000000000,0,0
1101,14 68 98 218,4,10,36,2.000000000000,0,0
1102,14 68 98 219,4,10,36,2.000000000000,0,0
1103,14 68 98 328,4,10,36,2.000000000000,0,0
1104,14 68 98 329,4,10,36,2.000000000000,0,0
1105,14 68 98 347,4,10,36,2.000000000000,0,0
1106,14 68 98 348,4,10,36,2.000000000000,0,0
1107,14 68 218,3,8,18,2.000000000000,0,0
1108,14 68 218 218,4,10,36,2.000000000000,0,0
1109,14 68 218 219,4,10,36,2.000000000000,0,0
1110,14 68 218 222,4,10,36,2.000000000000,0,0
1111,14 68 218 328,4,10,36,2.000000000000,0,0
1112,14 68 218 329,4,10,36,2.000000000000,0,0
1113,14 68 218 330,4,10,36,2.000000000000,0,0
1114,14 68 218 347,4,10,36,2.000000000000,0,0
1115,14 68 218 348,4,10,36,2.000000000000,0,0
1116,14 68 218 353,4,10,36,2.000000000000,0,0
1117,14 68 219,3,8,18,2.000000000000,0,0
1118,14 68 219 219,4,10,36,2.000000000000,0,0
1119,14 68 219 222,4,10,36,2.000000000000,0,0
1120,14 68 219 328,4,10,36,2.000000000000,0,0
1121,14 68 219 329,4,10,36,2.000000000000,0,0
1122,14 68 219 330,4,10,36,2.000000000000,0,0
1123,14 68 219 347,4,10,36,2.000000000000,0,0
1124,14 68 219 348,4,10,36,2.000000000000,0,0
1125,14 68 219 353,4,10,36,2.000000000000,0,0
1126,14 73 73 218,4,9,24,2.000000000000,0,0
1127,14 73 73 348,4,9,24,2.000000000000,0,0
1128,14 73 74 218,4,9,24,2.000000000000,0,0
1129,14 73 74 219,4,9,24,2.000000000000,0,0
1130,14 73 74 328,4,9,24,2.000000000000,0,0
1131,14 73 74 329,4,9,24,2.000000000000,0,0
1132,14 73 74 347,4,9,24,2.000000000000,0,0
1133,14 73 74 348,4,9,24,2.000000000000,0,0
1134,14 73 74 355,4,10,36,2.000000000000,0,0
1135,14 73 79 218,4,9,24,2.000000000000,0,0
1136,14 73 79 219,4,9,24,2.000000000000,0,0
1137,14 73 79 328,4,9,24,2.000000000000,0,0
1138,14 73 79 329,4,9,24,2.000000000000,0,0
1139,14 73 79 347,4,9,24,2.000000000000,0,0
1140,14 73 79 348,4,9,24,2.000000000000,0,0
1141,14 73 79 355,4,10,36,2.000000000000,0,0
1142,14 73 81 218,4,10,36,2.000000000000,0,0
1143,14 73 81 348,4,10,36,2.000000000000,0,0
1144,14 73 95 218,4,9,24,2.000000000000,0,0
1145,14 73 95 348,4,9,24,2.000000000000,0,0
1146,14 73 97 218,4,9,24,2.000000000000,0,0
1147,14 73 97 348,4,9,24,2.000000000000,0,0
1148,14 73 98 218,4,9,24,2.000000000000,0,0
1149,14 73 98 348,4,9,24,2.000000000000,0,0
1150,14 73 218,3,7,12,2.000000000000,0,0
1151,14 73 218 218,4,9,24,2.000000000000,0,0
1152,14 73 218 219,4,9,24,2.000000000000,0,0
1153,14 73 218 222,4,9,24,2.000000000000,0,0
1154,14 73 218 230,4,10,36,2.000000000000,0,0
1155,14 73 218 303,4,10,36,2.000000000000,0,0
1156,14 73 218 328,4,9,24,2.000000000000,0,0
1157,14 73 218 329,4,9,24,2.000000000000,0,0
1158,14 73 218 330,4,9,24,2.000000000000,0,0
1159,14 73 218 347,4,9,24,2.000000000000,0,0
1160,14 73 218 348,4,9,24,2.000000000000,0,0
1161,14 73 218 353,4,9,24,2.000000000000,0,0
1162,14 73 218 355,4,10,36,2.000000000000,0,0
1163,14 73 219 222,4,9,24,2.000000000000,0,0
1164,14 73 219 348,4,9,24,2.000000000000,0,0
1165,14 73 219 353,4,9,24,2.000000000000,0,0
1166,14 73 222 328,4,9,24,2.000000000000,0,0
1167,14 73 222 329,4,9,24,2.000000000000,0,0
1168,14 73 222 347,4,9,24,2.000000000000,0,0
1169,14 73 222 348,4,9,24,2.000000000000,0,0
1170,14 73 222 355,4,10,36,2.000000000000,0,0
1171,14 73 230 348,4,10,36,2.000000000000,0,0
1172,14 73 303 348,4,10,36,2.000000000000,0,0
1173,14 73 328 348,4,9,24,2.000000000000,0,0
1174,14 73 328 353,4,9,24,2.000000000000,0,0
1175,14 73 329 348,4,9,24,2.000000000000,0,0
1176,14 73 329 353,4,9,24,2.000000000000,0,0
1177,14 73 330 348,4,9,24,2.000000000000,0,0
1178,14 73 348,3,7,12,2.000000000000,0,0
1179,14 73 348 348,4,9,24,2.000000000000,0,0
1180,14 73 348 353,4,9,24,2.000000000000,0,0
1181,14 73 348 355,4,10,36,2.000000000000,0,0
1182,14 73 353 355,4,10,36,2.000000000000,0,0
1183,14 74 74 218,4,9,24,2.000000000000,0,0
1184,14 74 74 219,4,9,24,2.000000000000,0,0
1185,14 74 74 328,4,9,24,2.000000000000,0,0
1186,14 74 74 329,4,9,24,2.000000000000,0,0
1187,14 74 74 348,4,9,24,2.000000000000,0,0
1188,14 74 74 355,4,10,36,2.000000000000,0,0
1189,14 74 79 218,4,9,24,2.000000000000,0,0
1190,14 74 79 219,4,9,24,2.000000000000,0,0
1191,14 74 79 328,4,9,24,2.000000000000,0,0
1192,14 74 79 329,4,9,24,2.000000000000,0,0
1193,14 74 79 348,4,9,24,2.000000000000,0,0
1194,14 74 79 355,4,10,36,2.000000000000,0,0
1195,14 74 81 218,4,10,36,2.000000000000,0,0
1196,14 74 81 219,4,10,36,2.000000000000,0,0
1197,14 74 81 328,4,10,36,2.000000000000,0,0
1198,14 74 81 329,4,10,36,2.000000000000,0,0
1199,14 74 81 348,4,10,36,2.000000000000,0,0
1200,14 74 95 218,4,9,24,2.000000000000,0,0
1201,14 74 95 219,4,9,24,2.000000000000,0,0
1202,14 74 95 328,4,9,24,2.000000000000,0,0
1203,14 74 95 329,4,9,24,2.000000000000,0,0
1204,14 74 95 348,4,9,24,2.000000000000,0,0
1205,14 74 95 355,4,10,36,2.000000000000,0,0
1206,14 74 97 218,4,9,24,2.000000000000,0,0
1207,14 74 97 219,4,9,24,2.000000000000,0,0
1208,14 74 97 328,4,9,24,2.000000000000,0,0
1209,14 74 97 329,4,9,24,2.000000000000,0,0
1210,14 74 97 348,4,9,24,2.000000000000,0,0
1211,14 74 97 355,4,10,36,2.000000000000,0,0
1212,14 74 98 218,4,9,24,2.000000000000,0,0
1213,14 74 98 219,4,9,24,2.000000000000,0,0
1214,14 74 98 328,4,9,24,2.000000000000,0,0
1215,14 74 98 329,4,9,24,2.000000000000,0,0
1216,14 74 98 348,4,9,24,2.000000000000,0,0
1217,14 74 98 355,4,10,36,2.000000000000,0,0
1218,14 74 218,3,7,12,2.000000000000,0,0
1219,14 74 218 218,4,9,24,2.000000000000,0,0
1220,14 74 218 219,4,9,24,2.000000000000,0,0
1221,14 74 218 222,4,9,24,2.000000000000,0,0
1222,14 74 218 230,4,10,36,2.000000000000,0,0
1223,14 74 218 303,4,10,36,2.000000000000,0,0
1224,14 74 218 328,4,9,24,2.000000000000,0,0
1225,14 74 218 329,4,9,24,2.000000000000,0,0
1226,14 74 218 330,4,9,24,2.000000000000,0,0
1227,14 74 218 348,4,9,24,2.000000000000,0,0
1228,14 74 218 353,4,9,24,2.000000000000,0,0
1229,14 74 218 355,4,10,36,2.000000000000,0,0
1230,14 74 219,3,7,12,2.000000000000,0,0
1231,14 74 219 219,4,9,24,2.000000000000,0,0
1232,14 74 219 222,4,9,24,2.000000000000,0,0
1233,14 74 219 230,4,10,36,2.000000000000,0,0
1234,14 74 219 303,4,10,36,2.000000000000,0,0
1235,14 74 219 328,4,9,24,2.000000000000,0,0
1236,14 74 219 329,4,9,24,2.000000000000,0,0
1237,14 74 219 330,4,9,24,2.000000000000,0,0
1238,14 74 219 348,4,9,24,2.000000000000,0,0
1239,14 74 219 353,4,9,24,2.000000000000,0,0
1240,14 74 219 355,4,10,36,2.000000000000,0,0
1241,14 74 222 328,4,9,24,2.000000000000,0,0
1242,14 74 222 329,4,9,24,2.000000000000,0,0
1243,14 74 222 348,4,9,24,2.000000000000,0,0
1244,14 74 222 355,4,10,36,2.000000000000,0,0
1245,14 74 230 328,4,10,36,2.000000000000,0,0
1246,14 74 230 329,4,10,36,2.000000000000,0,0
1247,14 74 230 348,4,10,36,2.000000000000,0,0
1248,14 74 303 328,4,10,36,2.000000000000,0,0
1249,14 74 303 329,4,10,36,2.000000000000,0,0
1250,14 74 328,3,7,12,2.000000000000,0,0
1251,14 74 328 328,4,9,24,2.000000000000,0,0
1252,14 74 328 329,4,9,24,2.000000000000,0,0
1253,14 74 328 330,4,9,24,2.000000000000,0,0
1254,14 74 328 353,4,9,24,2.000000000000,0,0
1255,14 74 328 355,4,10,36,2.000000000000,0,0
1256,14 74 329,3,7,12,2.000000000000,0,0
1257,14 74 329 329,4,9,24,2.000000000000,0,0
1258,14 74 329 330,4,9,24,2.000000000000,0,0
1259,14 74 329 353,4,9,24,2.000000000000,0,0
1260,14 74 329 355,4,10,36,2.000000000000,0,0
1261,14 74 330 355,4,10,36,2.000000000000,0,0
1262,14 74 348,3,7,12,2.000000000000,0,0
1263,14 74 353 355,4,10,36,2.000000000000,0,0
1264,14 74 355,3,8,18,2.000000000000,0,0
1265,14 79 79 218,4,9,24,2.000000000000,0,0
1266,14 79 79 219,4,9,24,2.000000000000,0,0
1267,14 79 81 218,4,10,36,2.000000000000,0,0
1268,14 79 81 219,4,10,36,2.000000000000,0,0
1269,14 79 81 328,4,10,36,2.000000000000,0,0
1270,14 79 81 329,4,10,36,2.000000000000,0,0
1271,14 79 95 218,4,9,24,2.000000000000,0,0
1272,14 79 95 219,4,9,24,2.000000000000,0,0
1273,14 79 97 218,4,9,24,2.000000000000,0,0
1274,14 79 97 219,4,9,24,2.000000000000,0,0
1275,14 79 97 328,4,9,24,2.000000000000,0,0
1276,14 79 97 329,4,9,24,2.000000000000,0,0
1277,14 79 97 355,4,10,36,2.000000000000,0,0
1278,14 79 98 218,4,9,24,2.000000000000,0,0
1279,14 79 98 219,4,9,24,2.000000000000,0,0
1280,14 79 98 328,4,9,24,2.000000000000,0,0
1281,14 79 98 329,4,9,24,2.000000000000,0,0
1282,14 79 98 355,4,10,36,2.000000000000,0,0
1283,14 79 218,3,7,12,2.000000000000,0,0
1284,14 79 218 218,4,9,24,2.000000000000,0,0
1285,14 79 218 219,4,9,24,2.000000000000,0,0
1286,14 79 218 222,4,9,24,2.000000000000,0,0
1287,14 79 218 230,4,10,36,2.000000000000,0,0
1288,14 79 218 303,4,10,36,2.000000000000,0,0
1289,14 79 218 328,4,9,24,2.000000000000,0,0
1290,14 79 218 329,4,9,24,2.000000000000,0,0
1291,14 79 218 330,4,9,24,2.000000000000,0,0
1292,14 79 218 353,4,9,24,2.000000000000,0,0
1293,14 79 218 355,4,10,36,2.000000000000,0,0
1294,14 79 219,3,7,12,2.000000000000,0,0
1295,14 79 219 219,4,9,24,2.000000000000,0,0
1296,14 79 219 222,4,9,24,2.000000000000,0,0
1297,14 79 219 230,4,10,36,2.000000000000,0,0
1298,14 79 219 303,4,10,36,2.000000000000,0,0
1299,14 79 219 328,4,9,24,2.000000000000,0,0
1300,14 79 219 329,4,9,24,2.000000000000,0,0
1301,14 79 219 330,4,9,24,2.000000000000,0,0
1302,14 79 219 353,4,9,24,2.000000000000,0,0
1303,14 79 219 355,4,10,36,2.000000000000,0,0
1304,14 81 95 218,4,10,36,2.000000000000,0,0
1305,14 81 97 218,4,10,36,2.000000000000,0,0
1306,14 81 98 218,4,10,36,2.000000000000,0,0
1307,14 81 218,3,8,18,2.000000000000,0,0
1308,14 81 218 218,4,10,36,2.000000000000,0,0
1309,14 81 218 219,4,10,36,2.000000000000,0,0
1310,14 81 218 222,4,10,36,2.000000000000,0,0
1311,14 81 218 328,4,10,36,2.000000000000,0,0
1312,14 81 218 329,4,10,36,2.000000000000,0,0
1313,14 81 218 330,4,10,36,2.000000000000,0,0
1314,14 81 219 222,4,10,36,2.000000000000,0,0
1315,14 81 222 328,4,10,36,2.000000000000,0,0
1316,14 81 222 329,4,10,36,2.000000000000,0,0
1317,14 95 95 218,4,9,24,2.000000000000,0,0
1318,14 95 97 218,4,9,24,2.000000000000,0,0
1319,14 95 98 218,4,9,24,2.000000000000,0,0
1320,14 95 218,3,7,12,2.000000000000,0,0
1321,14 95 218 218,4,9,24,2.000000000000,0,0
1322,14 95 218 219,4,9,24,2.000000000000,0,0
1323,14 95 218 222,4,9,24,2.000000000000,0,0
1324,14 95 218 230,4,10,36,2.000000000000,0,0
1325,14 95 218 303,4,10,36,2.000000000000,0,0
1326,14 95 218 328,4,9,24,2.000000000000,0,0
1327,14 95 218 329,4,9,24,2.000000000000,0,0
1328,14 95 218 330,4,9,24,2.000000000000,0,0
1329,14 95 219 222,4,9,24,2.000000000000,0,0
1330,14 97 97 218,4,9,24,2.000000000000,0,0
1331,14 97 98 218,4,9,24,2.000000000000,0,0
1332,14 97 218,3,7,12,2.000000000000,0,0
1333,14 97 218 218,4,9,24,2.000000000000,0,0
1334,14 97 218 219,4,9,24,2.000000000000,0,0
1335,14 97 218 222,4,9,24,2.000000000000,0,0
1336,14 97 218 230,4,10,36,2.000000000000,0,0
1337,14 97 218 303,4,10,36,2.000000000000,0,0
1338,14 97 218 328,4,9,24,2.000000000000,0,0
1339,14 97 218 329,4,9,24,2.000000000000,0,0
1340,14 97 219 222,4,9,24,2.000000000000,0,0
1341,14 97 222 328,4,9,24,2.000000000000,0,0
1342,14 97 222 329,4,9,24,2.000000000000,0,0
1343,14 98 98 218,4,9,24,2.000000000000,0,0
1344,14 98 218,3,7,12,2.000000000000,0,0
1345,14 98 218 218,4,9,24,2.000000000000,0,0
1346,14 98 218 219,4,9,24,2.000000000000,0,0
1347,14 98 218 222,4,9,24,2.000000000000,0,0
1348,14 98 218 230,4,10,36,2.000000000000,0,0
1349,14 98 218 303,4,10,36,2.000000000000,0,0
1350,14 98 218 329,4,9,24,2.000000000000,0,0
1351,14 98 219 222,4,9,24,2.000000000000,0,0
1352,14 98 222 329,4,9,24,2.000000000000,0,0
1353,14 218,2,5,6,2.500000000000,0,1
1354,14 218 218,3,7,12,2.000000000000,0,0
1355,14 218 218 218,4,9,24,2.000000000000,0,0
1356,14 218 218 219,4,9,24,2.000000000000,0,0
1357,14 218 218 222,4,9,24,2.000000000000,0,0
1358,14 218 218 230,4,10,36,2.000000000000,0,0
1359,14 218 219,3,7,12,2.000000000000,0,0
1360,14 218 219 219,4,9,24,2.000000000000,0,0
1361,14 218 219 222,4,9,24,2.000000000000,0,0
1362,14 218 219 230,4,10,36,2.000000000000,0,0
1363,14 218 222,3,7,12,2.000000000000,0,0
1364,14 218 222 222,4,9,24,2.000000000000,0,0
1365,14 218 222 230,4,10,36,2.000000000000,0,0
1366,14 218 230,3,8,18,2.000000000000,0,0
1367,14 219 219 222,4,9,24,2.000000000000,0,0
1368,14 219 222,3,7,12,2.000000000000,0,0
1369,14 219 222 222,4,9,24,2.000000000000,0,0
1370,14 219 222 230,4,10,36,2.000000000000,0,0
1371,15 15 74 218,4,10,36,2.000000000000,0,0
1372,15 15 74 219,4,10,36,2.000000000000,0,0
1373,15 15 74 328,4,10,36,2.000000000000,0,0
1374,15 15 74 329,4,10,36,2.000000000000,0,0
1375,15 15 74 347,4,10,36,2.000000000000,0,0
1376,15 15 74 348,4,10,36,2.000000000000,0,0
1377,15 15 79 218,4,10,36,2.000000000000,0,0
1378,15 15 79 219,4,10,36,2.000000000000,0,0
1379,15 15 95 218,4,10,36,2.000000000000,0,0
1380,15 15 97 218,4,10,36,2.000000000000,0,0
1381,15 15 97 348,4,10,36,2.000000000000,0,0
1382,15 15 218 328,4,10,36,2.000000000000,0,0
1383,15 15 218 329,4,10,36,2.000000000000,0,0
1384,15 16 73 218,4,10,36,2.000000000000,0,0
1385,15 16 73 348,4,10,36,2.000000000000,0,0
1386,15 16 74 218,4,10,36,2.000000000000,0,0
1387,15 16 74 219,4,10,36,2.000000000000,0,0
1388,15 16 74 328,4,10,36,2.000000000000,0,0
1389,15 16 74 329,4,10,36,2.000000000000,0,0
1390,15 16 74 348,4,10,36,2.000000000000,0,0
1391,15 16 79 218,4,10,36,2.000000000000,0,0
1392,15 16 79 219,4,10,36,2.000000000000,0,0
1393,15 16 95 218,4,10,36,2.000000000000,0,0
1394,15 16 97 218,4,10,36,2.000000000000,0,0
1395,15 16 98 218,4,10,36,2.000000000000,0,0
1396,15 16 218,3,8,18,2.000000000000,0,0
1397,15 16 218 218,4,10,36,2.000000000000,0,0
1398,15 16 218 219,4,10,36,2.000000000000,0,0
1399,15 16 218 222,4,10,36,2.000000000000,0,0
1400,15 16 219 222,4,10,36,2.000000000000,0,0
1401,15 58 73 328,4,10,36,2.000000000000,0,0
1402,15 58 73 329,4,10,36,2.000000000000,0,0
1403,15 58 74 218,4,10,36,2.000000000000,0,0
1404,15 58 74 219,4,10,36,2.000000000000,0,0
1405,15 58 74 328,4,10,36,2.000000000000,0,0
1406,15 58 74 329,4,10,36,2.000000000000,0,0
1407,15 58 74 347,4,10,36,2.000000000000,0,0
1408,15 58 74 348,4,10,36,2.000000000000,0,0
1409,15 58 79 218,4,10,36,2.000000000000,0,0
1410,15 58 79 219,4,10,36,2.000000000000,0,0
1411,15 58 95 218,4,10,36,2.000000000000,0,0
1412,15 58 95 219,4,10,36,2.000000000000,0,0
1413,15 58 97 218,4,10,36,2.000000000000,0,0
1414,15 58 97 219,4,10,36,2.000000000000,0,0
1415,15 58 97 328,4,10,36,2.000000000000,0,0
1416,15 58 97 329,4,10,36,2.000000000000,0,0
1417,15 58 97 347,4,10,36,2.000000000000,0,0
1418,15 58 97 348,4,10,36,2.000000000000,0,0
1419,15 58 98 328,4,10,36,2.000000000000,0,0
1420,15 58 98 329,4,10,36,2.000000000000,0,0
1421,15 58 218 328,4,10,36,2.000000000000,0,0
1422,15 58 218 329,4,10,36,2.000000000000,0,0
1423,15 58 219 328,4,10,36,2.000000000000,0,0
1424,15 58 219 329,4,10,36,2.000000000000,0,0
1425,15 63 74 218,4,10,36,2.000000000000,0,0
1426,15 63 74 219,4,10,36,2.000000000000,0,0
1427,15 63 74 328,4,10,36,2.000000000000,0,0
1428,15 63 74 329,4,10,36,2.000000000000,0,0
1429,15 63 74 347,4,10,36,2.000000000000,0,0
1430,15 63 74 348,4,10,36,2.000000000000,0,0
1431,15 63 79 218,4,10,36,2.000000000000,0,0
1432,15 63 79 219,4,10,36,2.000000000000,0,0
1433,15 63 79 329,4,10,36,2.000000000000,0,0
1434,15 63 79 347,4,10,36,2.000000000000,0,0
1435,15 63 79 348,4,10,36,2.000000000000,0,0
1436,15 63 95 218,4,10,36,2.000000000000,0,0
1437,15 63 97 218,4,10,36,2.000000000000,0,0
1438,15 64 73 218,4,10,36,2.000000000000,0,0
1439,15 64 73 348,4,10,36,2.000000000000,0,0
1440,15 64 74 218,4,10,36,2.000000000000,0,0
1441,15 64 74 219,4,10,36,2.000000000000,0,0
1442,15 64 74 328,4,10,36,2.000000000000,0,0
1443,15 64 74 329,4,10,36,2.000000000000,0,0
1444,15 64 74 347,4,10,36,2.000000000000,0,0
1445,15 64 74 348,4,10,36,2.000000000000,0,0
1446,15 64 79 218,4,10,36,2.000000000000,0,0
1447,15 64 79 219,4,10,36,2.000000000000,0,0
1448,15 64 95 218,4,10,36,2.000000000000,0,0
1449,15 64 97 218,4,10,36,2.000000000000,0,0
1450,15 64 97 348,4,10,36,2.000000000000,0,0
1451,15 64 98 218,4,10,36,2.000000000000,0,0
1452,15 64 98 348,4,10,36,2.000000000000,0,0
1453,15 64 218,3,8,18,2.000000000000,0,0
1454,15 64 218 218,4,10,36,2.000000000000,0,0
1455,15 64 218 219,4,10,36,2.000000000000,0,0
1456,15 64 218 222,4,10,36,2.000000000000,0,0
1457,15 64 218 328,4,10,36,2.000000000000,0,0
1458,15 64 218 329,4,10,36,2.000000000000,0,0
1459,15 64 218 330,4,10,36,2.000000000000,0,0
1460,15 64 218 347,4,10,36,2.000000000000,0,0
1461,15 64 218 348,4,10,36,2.000000000000,0,0
1462,15 64 218 353,4,10,36,2.000000000000,0,0
1463,15 64 219 222,4,10,36,2.000000000000,0,0
1464,15 64 219 348,4,10,36,2.000000000000,0,0
1465,15 64 219 353,4,10,36,2.000000000000,0,0
1466,15 67 74 218,4,10,36,2.000000000000,0,0
1467,15 67 74 219,4,10,36,2.000000000000,0,0
1468,15 67 74 328,4,10,36,2.000000000000,0,0
1469,15 67 74 329,4,10,36,2.000000000000,0,0
1470,15 67 74 347,4,10,36,2.000000000000,0,0
1471,15 67 74 348,4,10,36,2.000000000000,0,0
1472,15 67 79 218,4,10,36,2.000000000000,0,0
1473,15 67 79 219,4,10,36,2.000000000000,0,0
1474,15 67 79 328,4,10,36,2.000000000000,0,0
1475,15 67 79 329,4,10,36,2.000000000000,0,0
1476,15 67 79 347,4,10,36,2.000000000000,0,0
1477,15 67 79 348,4,10,36,2.000000000000,0,0
1478,15 67 95 218,4,10,36,2.000000000000,0,0
1479,15 67 95 348,4,10,36,2.000000000000,0,0
1480,15 67 97 218,4,10,36,2.000000000000,0,0
1481,15 67 97 348,4,10,36,2.000000000000,0,0
1482,15 67 218 328,4,10,36,2.000000000000,0,0
1483,15 67 218 329,4,10,36,2.000000000000,0,0
1484,15 67 222 328,4,10,36,2.000000000000,0,0
1485,15 67 222 329,4,10,36,2.000000000000,0,0
1486,15 67 328 348,4,10,36,2.000000000000,0,0
1487,15 67 328 353,4,10,36,2.000000000000,0,0
1488,15 67 329 348,4,10,36,2.000000000000,0,0
1489,15 67 329 353,4,10,36,2.000000000000,0,0
1490,15 68 73 328,4,10,36,2.000000000000,0,0
1491,15 68 73 329,4,10,36,2.000000000000,0,0
1492,15 68 74 218,4,10,36,2.000000000000,0,0
1493,15 68 74 219,4,10,36,2.000000000000,0,0
1494,15 68 74 328,4,10,36,2.000000000000,0,0
1495,15 68 74 329,4,10,36,2.000000000000,0,0
1496,15 68 74 347,4,10,36,2.000000000000,0,0
1497,15 68 74 348,4,10,36,2.000000000000,0,0
1498,15 68 79 218,4,10,36,2.000000000000,0,0
1499,15 68 79 219,4,10,36,2.000000000000,0,0
1500,15 68 218 328,4,10,36,2.000000000000,0,0
1501,15 68 218 329,4,10,36,2.000000000000,0,0
1502,15 68 219 329,4,10,36,2.000000000000,0,0
1503,15 73 74 218,4,9,24,2.000000000000,0,0
1504,15 73 74 219,4,9,24,2.000000000000,0,0
1505,15 73 74 328,4,9,24,2.000000000000,0,0
1506,15 73 74 329,4,9,24,2.000000000000,0,0
1507,15 73 74 337,4,10,36,2.000000000000,0,0
1508,15 73 74 347,4,9,24,2.000000000000,0,0
1509,15 73 74 348,4,9,24,2.000000000000,0,0
1510,15 73 74 355,4,10,36,2.000000000000,0,0
1511,15 73 79 218,4,9,24,2.000000000000,0,0
1512,15 73 79 219,4,9,24,2.000000000000,0,0
1513,15 73 79 328,4,9,24,2.000000000000,0,0
1514,15 73 79 329,4,9,24,2.000000000000,0,0
1515,15 73 79 337,4,10,36,2.000000000000,0,0
1516,15 73 79 347,4,9,24,2.000000000000,0,0
1517,15 73 79 348,4,9,24,2.000000000000,0,0
1518,15 73 79 355,4,10,36,2.000000000000,0,0
1519,15 73 95 218,4,9,24,2.000000000000,0,0
1520,15 73 95 348,4,9,24,2.000000000000,0,0
1521,15 73 97 218,4,9,24,2.000000000000,0,0
1522,15 73 97 348,4,9,24,2.000000000000,0,0
1523,15 73 218 230,4,10,36,2.000000000000,0,0
1524,15 73 218 328,4,9,24,2.000000000000,0,0
1525,15 73 218 329,4,9,24,2.000000000000,0,0
1526,15 73 222 328,4,9,24,2.000000000000,0,0
1527,15 73 222 329,4,9,24,2.000000000000,0,0
1528,15 73 230 348,4,10,36,2.000000000000,0,0
1529,15 73 328 348,4,9,24,2.000000000000,0,0
1530,15 73 328 353,4,9,24,2.000000000000,0,0
1531,15 73 329 348,4,9,24,2.000000000000,0,0
1532,15 73 329 353,4,9,24,2.000000000000,0,0
1533,15 74 74 218,4,9,24,2.000000000000,0,0
1534,15 74 74 219,4,9,24,2.000000000000,0,0
1535,15 74 74 328,4,9,24,2.000000000000,0,0
1536,15 74 74 329,4,9,24,2.000000000000,0,0
1537,15 74 74 337,4,10,36,2.000000000000,0,0
1538,15 74 74 347,4,9,24,2.000000000000,0,0
1539,15 74 74 348,4,9,24,2.000000000000,0,0
1540,15 74 74 355,4,10,36,2.000000000000,0,0
1541,15 74 79 218,4,9,24,2.000000000000,0,0
1542,15 74 79 219,4,9,24,2.000000000000,0,0
1543,15 74 79 328,4,9,24,2.000000000000,0,0
1544,15 74 79 329,4,9,24,2.000000000000,0,0
1545,15 74 79 337,4,10,36,2.000000000000,0,0
1546,15 74 79 347,4,9,24,2.000000000000,0,0
1547,15 74 79 348,4,9,24,2.000000000000,0,0
1548,15 74 79 355,4,10,36,2.000000000000,0,0
1549,15 74 81 218,4,10,36,2.000000000000,0,0
1550,15 74 81 219,4,10,36,2.000000000000,0,0
1551,15 74 81 328,4,10,36,2.000000000000,0,0
1552,15 74 81 329,4,10,36,2.000000000000,0,0
1553,15 74 81 347,4,10,36,2.000000000000,0,0
1554,15 74 81 348,4,10,36,2.000000000000,0,0
1555,15 74 95 218,4,9,24,2.000000000000,0,0
1556,15 74 95 219,4,9,24,2.000000000000,0,0
1557,15 74 95 328,4,9,24,2.000000000000,0,0
1558,15 74 95 329,4,9,24,2.000000000000,0,0
1559,15 74 95 337,4,10,36,2.000000000000,0,0
1560,15 74 95 347,4,9,24,2.000000000000,0,0
1561,15 74 95 348,4,9,24,2.000000000000,0,0
1562,15 74 95 355,4,10,36,2.000000000000,0,0
1563,15 74 97 218,4,9,24,2.000000000000,0,0
1564,15 74 97 219,4,9,24,2.000000000000,0,0
1565,15 74 97 328,4,9,24,2.000000000000,0,0
1566,15 74 97 329,4,9,24,2.000000000000,0,0
1567,15 74 97 337,4,10,36,2.000000000000,0,0
1568,15 74 97 347,4,9,24,2.000000000000,0,0
1569,15 74 97 348,4,9,24,2.000000000000,0,0
1570,15 74 97 355,4,10,36,2.000000000000,0,0
1571,15 74 98 218,4,9,24,2.000000000000,0,0
1572,15 74 98 219,4,9,24,2.000000000000,0,0
1573,15 74 98 328,4,9,24,2.000000000000,0,0
1574,15 74 98 329,4,9,24,2.000000000000,0,0
1575,15 74 98 337,4,10,36,2.000000000000,0,0
1576,15 74 98 347,4,9,24,2.000000000000,0,0
1577,15 74 98 348,4,9,24,2.000000000000,0,0
1578,15 74 98 355,4,10,36,2.000000000000,0,0
1579,15 74 218,3,7,12,2.000000000000,0,0
1580,15 74 218 218,4,9,24,2.000000000000,0,0
1581,15 74 218 219,4,9,24,2.000000000000,0,0
1582,15 74 218 222,4,9,24,2.000000000000,0,0
1583,15 74 218 230,4,10,36,2.000000000000,0,0
1584,15 74 218 303,4,10,36,2.000000000000,0,0
1585,15 74 218 328,4,9,24,2.000000000000,0,0
1586,15 74 218 329,4,9,24,2.000000000000,0,0
1587,15 74 218 330,4,9,24,2.000000000000,0,0
1588,15 74 218 342,4,10,36,2.000000000000,0,0
1589,15 74 218 347,4,9,24,2.000000000000,0,0
1590,15 74 218 348,4,9,24,2.000000000000,0,0
1591,15 74 218 353,4,9,24,2.000000000000,0,0
1592,15 74 218 355,4,10,36,2.000000000000,0,0
1593,15 74 219,3,7,12,2.000000000000,0,0
1594,15 74 219 219,4,9,24,2.000000000000,0,0
1595,15 74 219 222,4,9,24,2.000000000000,0,0
1596,15 74 219 230,4,10,36,2.000000000000,0,0
1597,15 74 219 303,4,10,36,2.000000000000,0,0
1598,15 74 219 328,4,9,24,2.000000000000,0,0
1599,15 74 219 329,4,9,24,2.000000000000,0,0
1600,15 74 219 330,4,9,24,2.000000000000,0,0
1601,15 74 219 342,4,10,36,2.000000000000,0,0
1602,15 74 219 347,4,9,24,2.000000000000,0,0
1603,15 74 219 348,4,9,24,2.000000000000,0,0
1604,15 74 219 353,4,9,24,2.000000000000,0,0
1605,15 74 219 355,4,10,36,2.000000000000,0,0
1606,15 74 222 328,4,9,24,2.000000000000,0,0
1607,15 74 222 329,4,9,24,2.000000000000,0,0
1608,15 74 222 347,4,9,24,2.000000000000,0,0
1609,15 74 222 348,4,9,24,2.000000000000,0,0
1610,15 74 222 355,4,10,36,2.000000000000,0,0
1611,15 74 230 328,4,10,36,2.000000000000,0,0
1612,15 74 230 329,4,10,36,2.000000000000,0,0
1613,15 74 230 347,4,10,36,2.000000000000,0,0
1614,15 74 230 348,4,10,36,2.000000000000,0,0
1615,15 74 303 328,4,10,36,2.000000000000,0,0
1616,15 74 303 329,4,10,36,2.000000000000,0,0
1617,15 74 303 347,4,10,36,2.000000000000,0,0
1618,15 74 303 348,4,10,36,2.000000000000,0,0
1619,15 74 328,3,7,12,2.000000000000,0,0
1620,15 74 328 328,4,9,24,2.000000000000,0,0
1621,15 74 328 329,4,9,24,2.000000000000,0,0
1622,15 74 328 330,4,9,24,2.000000000000,0,0
1623,15 74 328 337,4,10,36,2.000000000000,0,0
1624,15 74 328 342,4,10,36,2.000000000000,0,0
1625,15 74 328 347,4,9,24,2.000000000000,0,0
1626,15 74 328 348,4,9,24,2.000000000000,0,0
1627,15 74 328 353,4,9,24,2.000000000000,0,0
1628,15 74 328 355,4,10,36,2.000000000000,0,0
1629,15 74 329,3,7,12,2.000000000000,0,0
1630,15 74 329 329,4,9,24,2.000000000000,0,0
1631,15 74 329 330,4,9,24,2.000000000000,0,0
1632,15 74 329 337,4,10,36,2.000000000000,0,0
1633,15 74 329 342,4,10,36,2.000000000000,0,0
1634,15 74 329 347,4,9,24,2.000000000000,0,0
1635,15 74 329 348,4,9,24,2.000000000000,0,0
1636,15 74 329 353,4,9,24,2.000000000000,0,0
1637,15 74 329 355,4,10,36,2.000000000000,0,0
1638,15 74 330 337,4,10,36,2.000000000000,0,0
1639,15 74 330 347,4,9,24,2.000000000000,0,0
1640,15 74 330 348,4,9,24,2.000000000000,0,0
1641,15 74 330 355,4,10,36,2.000000000000,0,0
1642,15 74 337,3,8,18,2.000000000000,0,0
1643,15 74 342 347,4,10,36,2.000000000000,0,0
1644,15 74 342 348,4,10,36,2.000000000000,0,0
1645,15 74 347,3,7,12,2.000000000000,0,0
1646,15 74 347 347,4,9,24,2.000000000000,0,0
1647,15 74 347 348,4,9,24,2.000000000000,0,0
1648,15 74 347 353,4,9,24,2.000000000000,0,0
1649,15 74 347 355,4,10,36,2.000000000000,0,0
1650,15 74 348,3,7,12,2.000000000000,0,0
1651,15 74 348 348,4,9,24,2.000000000000,0,0
1652,15 74 348 353,4,9,24,2.000000000000,0,0
1653,15 74 348 355,4,10,36,2.000000000000,0,0
1654,15 74 353 355,4,10,36,2.000000000000,0,0
1655,15 74 355,3,8,18,2.000000000000,0,0
1656,15 79 79 218,4,9,24,2.000000000000,0,0
1657,15 79 79 219,4,9,24,2.000000000000,0,0
1658,15 79 81 218,4,10,36,2.000000000000,0,0
1659,15 79 81 219,4,10,36,2.000000000000,0,0
1660,15 79 81 328,4,10,36,2.000000000000,0,0
1661,15 79 81 329,4,10,36,2.000000000000,0,0
1662,15 79 81 347,4,10,36,2.000000000000,0,0
1663,15 79 81 348,4,10,36,2.000000000000,0,0
1664,15 79 95 218,4,9,24,2.000000000000,0,0
1665,15 79 95 219,4,9,24,2.000000000000,0,0
1666,15 79 97 218,4,9,24,2.000000000000,0,0
1667,15 79 97 219,4,9,24,2.000000000000,0,0
1668,15 79 97 328,4,9,24,2.000000000000,0,0
1669,15 79 97 329,4,9,24,2.000000000000,0,0
1670,15 79 97 337,4,10,36,2.000000000000,0,0
1671,15 79 97 347,4,9,24,2.000000000000,0,0
1672,15 79 97 348,4,9,24,2.000000000000,0,0
1673,15 79 97 355,4,10,36,2.000000000000,0,0
1674,15 79 98 218,4,9,24,2.000000000000,0,0
1675,15 79 98 219,4,9,24,2.000000000000,0,0
1676,15 79 98 328,4,9,24,2.000000000000,0,0
1677,15 79 98 329,4,9,24,2.000000000000,0,0
1678,15 79 98 337,4,10,36,2.000000000000,0,0
1679,15 79 98 347,4,9,24,2.000000000000,0,0
1680,15 79 98 348,4,9,24,2.000000000000,0,0
1681,15 79 98 355,4,10,36,2.000000000000,0,0
1682,15 79 218,3,7,12,2.000000000000,0,0
1683,15 79 218 218,4,9,24,2.000000000000,0,0
1684,15 79 218 219,4,9,24,2.000000000000,0,0
1685,15 79 218 222,4,9,24,2.000000000000,0,0
1686,15 79 218 230,4,10,36,2.000000000000,0,0
1687,15 79 218 303,4,10,36,2.000000000000,0,0
1688,15 79 218 328,4,9,24,2.000000000000,0,0
1689,15 79 218 329,4,9,24,2.000000000000,0,0
1690,15 79 218 330,4,9,24,2.000000000000,0,0
1691,15 79 218 347,4,9,24,2.000000000000,0,0
1692,15 79 218 348,4,9,24,2.000000000000,0,0
1693,15 79 218 353,4,9,24,2.000000000000,0,0
1694,15 79 218 355,4,10,36,2.000000000000,0,0
1695,15 79 219,3,7,12,2.000000000000,0,0
1696,15 79 219 219,4,9,24,2.000000000000,0,0
1697,15 79 219 222,4,9,24,2.000000000000,0,0
1698,15 79 219 230,4,10,36,2.000000000000,0,0
1699,15 79 219 303,4,10,36,2.000000000000,0,0
1700,15 79 219 328,4,9,24,2.000000000000,0,0
1701,15 79 219 329,4,9,24,2.000000000000,0,0
1702,15 79 219 330,4,9,24,2.000000000000,0,0
1703,15 79 219 342,4,10,36,2.000000000000,0,0
1704,15 79 219 347,4,9,24,2.000000000000,0,0
1705,15 79 219 348,4,9,24,2.000000000000,0,0
1706,15 79 219 353,4,9,24,2.000000000000,0,0
1707,15 79 219 355,4,10,36,2.000000000000,0,0
1708,15 81 95 218,4,10,36,2.000000000000,0,0
1709,15 81 95 348,4,10,36,2.000000000000,0,0
1710,15 81 97 218,4,10,36,2.000000000000,0,0
1711,15 81 97 348,4,10,36,2.000000000000,0,0
1712,15 81 218 328,4,10,36,2.000000000000,0,0
1713,15 81 218 329,4,10,36,2.000000000000,0,0
1714,15 81 222 328,4,10,36,2.000000000000,0,0
1715,15 81 222 329,4,10,36,2.000000000000,0,0
1716,15 81 328 348,4,10,36,2.000000000000,0,0
1717,15 81 328 353,4,10,36,2.000000000000,0,0
1718,15 81 329 348,4,10,36,2.000000000000,0,0
1719,15 81 329 353,4,10,36,2.000000000000,0,0
1720,15 95 95 218,4,9,24,2.000000000000,0,0
1721,15 95 97 218,4,9,24,2.000000000000,0,0
1722,15 95 97 348,4,9,24,2.000000000000,0,0
1723,15 95 98 218,4,9,24,2.000000000000,0,0
1724,15 95 98 348,4,9,24,2.000000000000,0,0
1725,15 95 218,3,7,12,2.000000000000,0,0
1726,15 95 218 218,4,9,24,2.000000000000,0,0
1727,15 95 218 219,4,9,24,2.000000000000,0,0
1728,15 95 218 222,4,9,24,2.000000000000,0,0
1729,15 95 218 230,4,10,36,2.000000000000,0,0
1730,15 95 218 303,4,10,36,2.000000000000,0,0
1731,15 95 218 328,4,9,24,2.000000000000,0,0
1732,15 95 218 329,4,9,24,2.000000000000,0,0
1733,15 95 218 330,4,9,24,2.000000000000,0,0
1734,15 95 218 337,4,10,36,2.000000000000,0,0
1735,15 95 218 347,4,9,24,2.000000000000,0,0
1736,15 95 218 348,4,9,24,2.000000000000,0,0
1737,15 95 218 353,4,9,24,2.000000000000,0,0
1738,15 95 218 355,4,10,36,2.000000000000,0,0
1739,15 95 219 222,4,9,24,2.000000000000,0,0
1740,15 95 219 348,4,9,24,2.000000000000,0,0
1741,15 95 219 353,4,9,24,2.000000000000,0,0
1742,15 97 97 218,4,9,24,2.000000000000,0,0
1743,15 97 97 348,4,9,24,2.000000000000,0,0
1744,15 97 98 218,4,9,24,2.000000000000,0,0
1745,15 97 98 348,4,9,24,2.000000000000,0,0
1746,15 97 218,3,7,12,2.000000000000,0,0
1747,15 97 218 218,4,9,24,2.000000000000,0,0
1748,15 97 218 219,4,9,24,2.000000000000,0,0
1749,15 97 218 222,4,9,24,2.000000000000,0,0
1750,15 97 218 230,4,10,36,2.000000000000,0,0
1751,15 97 218 303,4,10,36,2.000000000000,0,0
1752,15 97 218 328,4,9,24,2.000000000000,0,0
1753,15 97 218 329,4,9,24,2.000000000000,0,0
1754,15 97 218 330,4,9,24,2.000000000000,0,0
1755,15 97 218 337,4,10,36,2.000000000000,0,0
1756,15 97 218 347,4,9,24,2.000000000000,0,0
1757,15 97 218 348,4,9,24,2.000000000000,0,0
1758,15 97 218 353,4,9,24,2.000000000000,0,0
1759,15 97 218 355,4,10,36,2.000000000000,0,0
1760,15 97 219 222,4,9,24,2.000000000000,0,0
1761,15 97 219 348,4,9,24,2.000000000000,0,0
1762,15 97 219 353,4,9,24,2.000000000000,0,0
1763,15 97 222 328,4,9,24,2.000000000000,0,0
1764,15 97 222 329,4,9,24,2.000000000000,0,0
1765,15 97 222 347,4,9,24,2.000000000000,0,0
1766,15 97 222 348,4,9,24,2.000000000000,0,0
1767,15 97 222 355,4,10,36,2.000000000000,0,0
1768,15 97 230 348,4,10,36,2.000000000000,0,0
1769,15 97 303 348,4,10,36,2.000000000000,0,0
1770,15 97 328 348,4,9,24,2.000000000000,0,0
1771,15 97 328 353,4,9,24,2.000000000000,0,0
1772,15 97 329 348,4,9,24,2.000000000000,0,0
1773,15 97 329 353,4,9,24,2.000000000000,0,0
1774,15 97 330 348,4,9,24,2.000000000000,0,0
1775,15 97 337 348,4,10,36,2.000000000000,0,0
1776,15 97 337 353,4,10,36,2.000000000000,0,0
1777,15 97 342 348,4,10,36,2.000000000000,0,0
1778,15 97 347 348,4,9,24,2.000000000000,0,0
1779,15 97 347 353,4,9,24,2.000000000000,0,0
1780,15 97 348,3,7,12,2.000000000000,0,0
1781,15 97 348 348,4,9,24,2.000000000000,0,0
1782,15 97 348 353,4,9,24,2.000000000000,0,0
1783,15 97 348 355,4,10,36,2.000000000000,0,0
1784,15 97 353 355,4,10,36,2.000000000000,0,0
1785,15 98 218 230,4,10,36,2.000000000000,0,0
1786,15 98 218 328,4,9,24,2.000000000000,0,0
1787,15 98 218 329,4,9,24,2.000000000000,0,0
1788,15 98 222 328,4,9,24,2.000000000000,0,0
1789,15 98 222 329,4,9,24,2.000000000000,0,0
1790,15 98 230 348,4,10,36,2.000000000000,0,0
1791,15 98 328 348,4,9,24,2.000000000000,0,0
1792,15 98 328 353,4,9,24,2.000000000000,0,0
1793,15 98 329 348,4,9,24,2.000000000000,0,0
1794,15 98 329 353,4,9,24,2.000000000000,0,0
1795,15 218 218 230,4,10,36,2.000000000000,0,0
1796,15 218 218 328,4,9,24,2.000000000000,0,0
1797,15 218 218 329,4,9,24,2.000000000000,0,0
1798,15 218 219 230,4,10,36,2.000000000000,0,0
1799,15 218 219 328,4,9,24,2.000000000000,0,0
1800,15 218 219 329,4,9,24,2.000000000000,0,0
1801,15 218 222 230,4,10,36,2.000000000000,0,0
1802,15 218 222 328,4,9,24,2.000000000000,0,0
1803,15 218 222 329,4,9,24,2.000000000000,0,0
1804,15 218 230,3,8,18,2.000000000000,0,0
1805,15 218 230 328,4,10,36,2.000000000000,0,0
1806,15 218 230 329,4,10,36,2.000000000000,0,0
1807,15 218 230 330,4,10,36,2.000000000000,0,0
1808,15 218 230 347,4,10,36,2.000000000000,0,0
1809,15 218 230 348,4,10,36,2.000000000000,0,0
1810,15 218 230 353,4,10,36,2.000000000000,0,0
1811,15 218 303 328,4,10,36,2.000000000000,0,0
1812,15 218 303 329,4,10,36,2.000000000000,0,0
1813,15 218 328,3,7,12,2.000000000000,0,0
1814,15 218 328 328,4,9,24,2.000000000000,0,0
1815,15 218 328 329,4,9,24,2.000000000000,0,0
1816,15 218 328 330,4,9,24,2.000000000000,0,0
1817,15 218 328 347,4,9,24,2.000000000000,0,0
1818,15 218 328 348,4,9,24,2.000000000000,0,0
1819,15 218 328 353,4,9,24,2.000000000000,0,0
1820,15 218 328 355,4,10,36,2.000000000000,0,0
1821,15 218 329,3,7,12,2.000000000000,0,0
1822,15 218 329 329,4,9,24,2.000000000000,0,0
1823,15 218 329 330,4,9,24,2.000000000000,0,0
1824,15 218 329 347,4,9,24,2.000000000000,0,0
1825,15 218 329 348,4,9,24,2.000000000000,0,0
1826,15 218 329 353,4,9,24,2.000000000000,0,0
1827,15 218 329 355,4,10,36,2.000000000000,0,0
1828,15 219 222 230,4,10,36,2.000000000000,0,0
1829,15 219 222 328,4,9,24,2.000000000000,0,0
1830,15 219 222 329,4,9,24,2.000000000000,0,0
1831,15 219 230 348,4,10,36,2.000000000000,0,0
1832,15 219 230 353,4,10,36,2.000000000000,0,0
1833,15 219 328 348,4,9,24,2.000000000000,0,0
1834,15 219 328 353,4,9,24,2.000000000000,0,0
1835,15 219 329 348,4,9,24,2.000000000000,0,0
1836,15 219 329 353,4,9,24,2.000000000000,0,0
1837,58 58 73 328,4,10,36,2.000000000000,0,0
1838,58 58 74 328,4,10,36,2.000000000000,0,0
1839,58 58 74 348,4,10,36,2.000000000000,0,0
1840,58 58 97 218,4,10,36,2.000000000000,0,0
1841,58 58 97 219,4,10,36,2.000000000000,0,0
1842,58 58 97 328,4,10,36,2.000000000000,0,0
1843,58 58 97 329,4,10,36,2.000000000000,0,0
1844,58 58 98 329,4,10,36,2.000000000000,0,0
1845,58 73 73 328,4,9,24,2.000000000000,0,0
1846,58 73 74 328,4,9,24,2.000000000000,0,0
1847,58 73 74 348,4,9,24,2.000000000000,0,0
1848,58 73 79 328,4,9,24,2.000000000000,0,0
1849,58 73 79 348,4,9,24,2.000000000000,0,0
1850,58 73 81 328,4,10,36,2.000000000000,0,0
1851,58 73 95 328,4,9,24,2.000000000000,0,0
1852,58 73 95 348,4,9,24,2.000000000000,0,0
1853,58 73 97 218,4,9,24,2.000000000000,0,0
1854,58 73 97 219,4,9,24,2.000000000000,0,0
1855,58 73 97 328,4,9,24,2.000000000000,0,0
1856,58 73 97 329,4,9,24,2.000000000000,0,0
1857,58 73 97 347,4,9,24,2.000000000000,0,0
1858,58 73 97 348,4,9,24,2.000000000000,0,0
1859,58 73 97 355,4,10,36,2.000000000000,0,0
1860,58 73 98 328,4,9,24,2.000000000000,0,0
1861,58 73 98 329,4,9,24,2.000000000000,0,0
1862,58 73 218 328,4,9,24,2.000000000000,0,0
1863,58 73 219 328,4,9,24,2.000000000000,0,0
1864,58 73 222 328,4,9,24,2.000000000000,0,0
1865,58 73 230 328,4,10,36,2.000000000000,0,0
1866,58 73 303 328,4,10,36,2.000000000000,0,0
1867,58 73 303 329,4,10,36,2.000000000000,0,0
1868,58 73 328,3,7,12,2.000000000000,0,0
1869,58 73 328 328,4,9,24,2.000000000000,0,0
1870,58 73 328 329,4,9,24,2.000000000000,0,0
1871,58 73 328 330,4,9,24,2.000000000000,0,0
1872,58 73 328 348,4,9,24,2.000000000000,0,0
1873,58 73 328 353,4,9,24,2.000000000000,0,0
1874,58 73 328 355,4,10,36,2.000000000000,0,0
1875,58 73 329 330,4,9,24,2.000000000000,0,0
1876,58 73 329 348,4,9,24,2.000000000000,0,0
1877,58 73 329 353,4,9,24,2.000000000000,0,0
1878,58 74 74 328,4,9,24,2.000000000000,0,0
1879,58 74 74 348,4,9,24,2.000000000000,0,0
1880,58 74 79 328,4,9,24,2.000000000000,0,0
1881,58 74 79 348,4,9,24,2.000000000000,0,0
1882,58 74 81 328,4,10,36,2.000000000000,0,0
1883,58 74 81 348,4,10,36,2.000000000000,0,0
1884,58 74 95 328,4,9,24,2.000000000000,0,0
1885,58 74 95 348,4,9,24,2.000000000000,0,0
1886,58 74 97 218,4,9,24,2.000000000000,0,0
1887,58 74 97 219,4,9,24,2.000000000000,0,0
1888,58 74 97 328,4,9,24,2.000000000000,0,0
1889,58 74 97 329,4,9,24,2.000000000000,0,0
1890,58 74 97 348,4,9,24,2.000000000000,0,0
1891,58 74 97 355,4,10,36,2.000000000000,0,0
1892,58 74 98 218,4,9,24,2.000000000000,0,0
1893,58 74 98 219,4,9,24,2.000000000000,0,0
1894,58 74 98 328,4,9,24,2.000000000000,0,0
1895,58 74 98 329,4,9,24,2.000000000000,0,0
1896,58 74 98 348,4,9,24,2.000000000000,0,0
1897,58 74 98 355,4,10,36,2.000000000000,0,0
1898,58 74 218 303,4,10,36,2.000000000000,0,0
1899,58 74 218 328,4,9,24,2.000000000000,0,0
1900,58 74 218 330,4,9,24,2.000000000000,0,0
1901,58 74 218 348,4,9,24,2.000000000000,0,0
1902,58 74 218 353,4,9,24,2.000000000000,0,0
1903,58 74 219 303,4,10,36,2.000000000000,0,0
1904,58 74 219 328,4,9,24,2.000000000000,0,0
1905,58 74 219 330,4,9,24,2.000000000000,0,0
1906,58 74 219 348,4,9,24,2.000000000000,0,0
1907,58 74 219 353,4,9,24,2.000000000000,0,0
1908,58 74 222 328,4,9,24,2.000000000000,0,0
1909,58 74 222 348,4,9,24,2.000000000000,0,0
1910,58 74 230 328,4,10,36,2.000000000000,0,0
1911,58 74 303 328,4,10,36,2.000000000000,0,0
1912,58 74 303 329,4,10,36,2.000000000000,0,0
1913,58 74 328,3,7,12,2.000000000000,0,0
1914,58 74 328 328,4,9,24,2.000000000000,0,0
1915,58 74 328 329,4,9,24,2.000000000000,0,0
1916,58 74 328 330,4,9,24,2.000000000000,0,0
1917,58 74 328 353,4,9,24,2.000000000000,0,0
1918,58 74 328 355,4,10,36,2.000000000000,0,0
1919,58 74 329 330,4,9,24,2.000000000000,0,0
1920,58 74 329 353,4,9,24,2.000000000000,0,0
1921,58 74 348,3,7,12,2.000000000000,0,0
1922,58 74 353 355,4,10,36,2.000000000000,0,0
1923,58 79 81 328,4,10,36,2.000000000000,0,0
1924,58 79 97 218,4,9,24,2.000000000000,0,0
1925,58 79 97 219,4,9,24,2.000000000000,0,0
1926,58 79 97 328,4,9,24,2.000000000000,0,0
1927,58 79 97 329,4,9,24,2.000000000000,0,0
1928,58 79 97 355,4,10,36,2.000000000000,0,0
1929,58 79 98 218,4,9,24,2.000000000000,0,0
1930,58 79 98 219,4,9,24,2.000000000000,0,0
1931,58 79 98 328,4,9,24,2.000000000000,0,0
1932,58 79 98 329,4,9,24,2.000000000000,0,0
1933,58 79 98 355,4,10,36,2.000000000000,0,0
1934,58 79 218 303,4,10,36,2.000000000000,0,0
1935,58 79 218 328,4,9,24,2.000000000000,0,0
1936,58 79 218 330,4,9,24,2.000000000000,0,0
1937,58 79 218 353,4,9,24,2.000000000000,0,0
1938,58 79 219 303,4,10,36,2.000000000000,0,0
1939,58 79 219 328,4,9,24,2.000000000000,0,0
1940,58 79 219 330,4,9,24,2.000000000000,0,0
1941,58 79 219 353,4,9,24,2.000000000000,0,0
1942,58 81 328,3,8,18,2.000000000000,0,0
1943,58 81 328 328,4,10,36,2.000000000000,0,0
1944,58 81 328 329,4,10,36,2.000000000000,0,0
1945,58 81 328 330,4,10,36,2.000000000000,0,0
1946,58 81 329 330,4,10,36,2.000000000000,0,0
1947,58 95 97 218,4,9,24,2.000000000000,0,0
1948,58 95 97 219,4,9,24,2.000000000000,0,0
1949,58 95 97 328,4,9,24,2.000000000000,0,0
1950,58 95 97 329,4,9,24,2.000000000000,0,0
1951,58 95 98 218,4,9,24,2.000000000000,0,0
1952,58 95 98 219,4,9,24,2.000000000000,0,0
1953,58 95 98 328,4,9,24,2.000000000000,0,0
1954,58 95 98 329,4,9,24,2.000000000000,0,0
1955,58 95 218 328,4,9,24,2.000000000000,0,0
1956,58 95 218 330,4,9,24,2.000000000000,0,0
1957,58 95 219 328,4,9,24,2.000000000000,0,0
1958,58 95 219 330,4,9,24,2.000000000000,0,0
1959,58 97 97 218,4,9,24,2.000000000000,0,0
1960,58 97 97 219,4,9,24,2.000000000000,0,0
1961,58 97 97 328,4,9,24,2.000000000000,0,0
1962,58 97 97 329,4,9,24,2.000000000000,0,0
1963,58 97 98 218,4,9,24,2.000000000000,0,0
1964,58 97 98 219,4,9,24,2.000000000000,0,0
1965,58 97 98 328,4,9,24,2.000000000000,0,0
1966,58 97 98 329,4,9,24,2.000000000000,0,0
1967,58 97 218,3,7,12,2.000000000000,0,0
1968,58 97 218 218,4,9,24,2.000000000000,0,0
1969,58 97 218 219,4,9,24,2.000000000000,0,0
1970,58 97 218 222,4,9,24,2.000000000000,0,0
1971,58 97 218 230,4,10,36,2.000000000000,0,0
1972,58 97 218 328,4,9,24,2.000000000000,0,0
1973,58 97 218 329,4,9,24,2.000000000000,0,0
1974,58 97 219,3,7,12,2.000000000000,0,0
1975,58 97 219 219,4,9,24,2.000000000000,0,0
1976,58 97 219 222,4,9,24,2.000000000000,0,0
1977,58 97 219 230,4,10,36,2.000000000000,0,0
1978,58 97 219 328,4,9,24,2.000000000000,0,0
1979,58 97 219 329,4,9,24,2.000000000000,0,0
1980,58 97 222 328,4,9,24,2.000000000000,0,0
1981,58 97 222 329,4,9,24,2.000000000000,0,0
1982,58 97 328,3,7,12,2.000000000000,0,0
1983,58 97 329,3,7,12,2.000000000000,0,0
1984,58 97 329 329,4,9,24,2.000000000000,0,0
1985,58 98 98 329,4,9,24,2.000000000000,0,0
1986,58 98 218 329,4,9,24,2.000000000000,0,0
1987,58 98 219 230,4,10,36,2.000000000000,0,0
1988,58 98 219 329,4,9,24,2.000000000000,0,0
1989,58 98 222 329,4,9,24,2.000000000000,0,0
1990,58 98 329,3,7,12,2.000000000000,0,0
1991,73 73 73 74 328,5,10,32,2.000000000000,0,0
1992,73 73 73 79 328,5,10,32,2.000000000000,0,0
1993,73 73 73 95 348,5,10,32,2.000000000000,0,0
1994,73 73 73 97 218,5,10,32,2.000000000000,0,0
1995,73 73 73 97 348,5,10,32,2.000000000000,0,0
1996,73 73 73 328 348,5,10,32,2.000000000000,0,0
1997,73 73 73 328 353,5,10,32,2.000000000000,0,0
1998,73 73 73 329 353,5,10,32,2.000000000000,0,0
1999,73 73 74 74 328,5,10,32,2.000000000000,0,0
2000,73 73 74 79 328,5,10,32,2.000000000000,0,0
2001,73 73 74 95 328,5,10,32,2.000000000000,0,0
2002,73 73 74 95 348,5,10,32,2.000000000000,0,0
2003,73 73 74 97 218,5,10,32,2.000000000000,0,0
2004,73 73 74 97 219,5,10,32,2.000000000000,0,0
2005,73 73 74 97 328,5,10,32,2.000000000000,0,0
2006,73 73 74 97 329,5,10,32,2.000000000000,0,0
2007,73 73 74 97 347,5,10,32,2.000000000000,0,0
2008,73 73 74 97 348,5,10,32,2.000000000000,0,0
2009,73 73 74 98 219,5,10,32,2.000000000000,0,0
2010,73 73 74 98 328,5,10,32,2.000000000000,0,0
2011,73 73 74 98 329,5,10,32,2.000000000000,0,0
2012,73 73 74 98 347,5,10,32,2.000000000000,0,0
2013,73 73 74 98 348,5,10,32,2.000000000000,0,0
2014,73 73 74 328,4,8,16,2.000000000000,0,0
2015,73 73 74 328 328,5,10,32,2.000000000000,0,0
2016,73 73 74 328 329,5,10,32,2.000000000000,0,0
2017,73 73 74 328 330,5,10,32,2.000000000000,0,0
2018,73 73 74 328 347,5,10,32,2.000000000000,0,0
2019,73 73 74 328 348,5,10,32,2.000000000000,0,0
2020,73 73 74 328 353,5,10,32,2.000000000000,0,0
2021,73 73 74 329 330,5,10,32,2.000000000000,0,0
2022,73 73 74 329 353,5,10,32,2.000000000000,0,0
2023,73 73 74 330 347,5,10,32,2.000000000000,0,0
2024,73 73 79 79 328,5,10,32,2.000000000000,0,0
2025,73 73 79 95 328,5,10,32,2.000000000000,0,0
2026,73 73 79 95 348,5,10,32,2.000000000000,0,0
2027,73 73 79 97 218,5,10,32,2.000000000000,0,0
2028,73 73 79 97 219,5,10,32,2.000000000000,0,0
2029,73 73 79 97 328,5,10,32,2.000000000000,0,0
2030,73 73 79 97 329,5,10,32,2.000000000000,0,0
2031,73 73 79 97 347,5,10,32,2.000000000000,0,0
2032,73 73 79 97 348,5,10,32,2.000000000000,0,0
2033,73 73 79 98 219,5,10,32,2.000000000000,0,0
2034,73 73 79 98 328,5,10,32,2.000000000000,0,0
2035,73 73 79 98 329,5,10,32,2.000000000000,0,0
2036,73 73 79 98 347,5,10,32,2.000000000000,0,0
2037,73 73 79 98 348,5,10,32,2.000000000000,0,0
2038,73 73 79 328,4,8,16,2.000000000000,0,0
2039,73 73 79 328 328,5,10,32,2.000000000000,0,0
2040,73 73 79 328 329,5,10,32,2.000000000000,0,0
2041,73 73 79 328 330,5,10,32,2.000000000000,0,0
2042,73 73 79 328 347,5,10,32,2.000000000000,0,0
2043,73 73 79 328 348,5,10,32,2.000000000000,0,0
2044,73 73 79 328 353,5,10,32,2.000000000000,0,0
2045,73 73 79 329 330,5,10,32,2.000000000000,0,0
2046,73 73 79 329 353,5,10,32,2.000000000000,0,0
2047,73 73 79 330 347,5,10,32,2.000000000000,0,0
2048,73 73 95 95 348,5,10,32,2.000000000000,0,0
2049,73 73 95 97 218,5,10,32,2.000000000000,0,0
2050,73 73 95 97 348,5,10,32,2.000000000000,0,0
2051,73 73 95 98 218,5,10,32,2.000000000000,0,0
2052,73 73 95 98 348,5,10,32,2.000000000000,0,0
2053,73 73 95 218 328,5,10,32,2.000000000000,0,0
2054,73 73 95 218 330,5,10,32,2.000000000000,0,0
2055,73 73 95 218 348,5,10,32,2.000000000000,0,0
2056,73 73 95 218 353,5,10,32,2.000000000000,0,0
2057,73 73 95 219 348,5,10,32,2.000000000000,0,0
2058,73 73 95 219 353,5,10,32,2.000000000000,0,0
2059,73 73 95 222 328,5,10,32,2.000000000000,0,0
2060,73 73 95 328 348,5,10,32,2.000000000000,0,0
2061,73 73 95 328 353,5,10,32,2.000000000000,0,0
2062,73 73 95 329 348,5,10,32,2.000000000000,0,0
2063,73 73 95 329 353,5,10,32,2.000000000000,0,0
2064,73 73 95 330 348,5,10,32,2.000000000000,0,0
2065,73 73 95 347 348,5,10,32,2.000000000000,0,0
2066,73 73 95 347 353,5,10,32,2.000000000000,0,0
2067,73 73 95 348,4,8,16,2.000000000000,0,0
2068,73 73 95 348 348,5,10,32,2.000000000000,0,0
2069,73 73 95 348 353,5,10,32,2.000000000000,0,0
2070,73 73 97 97 218,5,10,32,2.000000000000,0,0
2071,73 73 97 97 348,5,10,32,2.000000000000,0,0
2072,73 73 97 98 218,5,10,32,2.000000000000,0,0
2073,73 73 97 98 348,5,10,32,2.000000000000,0,0
2074,73 73 97 218,4,8,16,2.000000000000,0,0
2075,73 73 97 218 328,5,10,32,2.000000000000,0,0
2076,73 73 97 218 329,5,10,32,2.000000000000,0,0
2077,73 73 97 218 330,5,10,32,2.000000000000,0,0
2078,73 73 97 219 348,5,10,32,2.000000000000,0,0
2079,73 73 97 219 353,5,10,32,2.000000000000,0,0
2080,73 73 97 328 348,5,10,32,2.000000000000,0,0
2081,73 73 97 328 353,5,10,32,2.000000000000,0,0
2082,73 73 97 329 348,5,10,32,2.000000000000,0,0
2083,73 73 97 329 353,5,10,32,2.000000000000,0,0
2084,73 73 97 330 348,5,10,32,2.000000000000,0,0
2085,73 73 97 347 348,5,10,32,2.000000000000,0,0
2086,73 73 97 347 353,5,10,32,2.000000000000,0,0
2087,73 73 97 348,4,8,16,2.000000000000,0,0
2088,73 73 97 348 348,5,10,32,2.000000000000,0,0
2089,73 73 97 348 353,5,10,32,2.000000000000,0,0
2090,73 73 98 328 348,5,10,32,2.000000000000,0,0
2091,73 73 98 328 353,5,10,32,2.000000000000,0,0
2092,73 73 98 329 348,5,10,32,2.000000000000,0,0
2093,73 73 98 329 353,5,10,32,2.000000000000,0,0
2094,73 73 328 328 348,5,10,32,2.000000000000,0,0
2095,73 73 328 328 353,5,10,32,2.000000000000,0,0
2096,73 73 328 329 348,5,10,32,2.000000000000,0,0
2097,73 73 328 329 353,5,10,32,2.000000000000,0,0
2098,73 73 328 330 348,5,10,32,2.000000000000,0,0
2099,73 73 328 330 353,5,10,32,2.000000000000,0,0
2100,73 73 328 347 353,5,10,32,2.000000000000,0,0
2101,73 73 328 348,4,8,16,2.000000000000,0,0
2102,73 73 328 353,4,8,16,2.000000000000,0,0
2103,73 73 328 353 353,5,10,32,2.000000000000,0,0
2104,73 73 329 329 353,5,10,32,2.000000000000,0,0
2105,73 73 329 330 353,5,10,32,2.000000000000,0,0
2106,73 73 329 353,4,8,16,2.000000000000,0,0
2107,73 74 74 74 328,5,10,32,2.000000000000,0,0
2108,73 74 74 79 328,5,10,32,2.000000000000,0,0
2109,73 74 74 95 328,5,10,32,2.000000000000,0,0
2110,73 74 74 95 348,5,10,32,2.000000000000,0,0
2111,73 74 74 97 218,5,10,32,2.000000000000,0,0
2112,73 74 74 97 219,5,10,32,2.000000000000,0,0
2113,73 74 74 97 328,5,10,32,2.000000000000,0,0
2114,73 74 74 97 329,5,10,32,2.000000000000,0,0
2115,73 74 74 97 347,5,10,32,2.000000000000,0,0
2116,73 74 74 97 348,5,10,32,2.000000000000,0,0
2117,73 74 74 98 219,5,10,32,2.000000000000,0,0
2118,73 74 74 98 328,5,10,32,2.000000000000,0,0
2119,73 74 74 98 329,5,10,32,2.000000000000,0,0
2120,73 74 74 98 347,5,10,32,2.000000000000,0,0
2121,73 74 74 98 348,5,10,32,2.000000000000,0,0
2122,73 74 74 328,4,8,16,2.000000000000,0,0
2123,73 74 74 328 328,5,10,32,2.000000000000,0,0
2124,73 74 74 328 329,5,10,32,2.000000000000,0,0
2125,73 74 74 328 330,5,10,32,2.000000000000,0,0
2126,73 74 74 328 347,5,10,32,2.000000000000,0,0
2127,73 74 74 328 348,5,10,32,2.000000000000,0,0
2128,73 74 74 328 353,5,10,32,2.000000000000,0,0
2129,73 74 74 329 330,5,10,32,2.000000000000,0,0
2130,73 74 74 329 353,5,10,32,2.000000000000,0,0
2131,73 74 74 330 347,5,10,32,2.000000000000,0,0
2132,73 74 79 79 328,5,10,32,2.000000000000,0,0
2133,73 74 79 95 328,5,10,32,2.000000000000,0,0
2134,73 74 79 95 348,5,10,32,2.000000000000,0,0
2135,73 74 79 97 218,5,10,32,2.000000000000,0,0
2136,73 74 79 97 219,5,10,32,2.000000000000,0,0
2137,73 74 79 97 328,5,10,32,2.000000000000,0,0
2138,73 74 79 97 329,5,10,32,2.000000000000,0,0
2139,73 74 79 97 347,5,10,32,2.000000000000,0,0
2140,73 74 79 97 348,5,10,32,2.000000000000,0,0
2141,73 74 79 98 219,5,10,32,2.000000000000,0,0
2142,73 74 79 98 328,5,10,32,2.000000000000,0,0
2143,73 74 79 98 329,5,10,32,2.000000000000,0,0
2144,73 74 79 98 347,5,10,32,2.000000000000,0,0
2145,73 74 79 98 348,5,10,32,2.000000000000,0,0
2146,73 74 79 328,4,8,16,2.000000000000,0,0
2147,73 74 79 328 328,5,10,32,2.000000000000,0,0
2148,73 74 79 328 329,5,10,32,2.000000000000,0,0
2149,73 74 79 328 330,5,10,32,2.000000000000,0,0
2150,73 74 79 328 347,5,10,32,2.000000000000,0,0
2151,73 74 79 328 348,5,10,32,2.000000000000,0,0
2152,73 74 79 328 353,5,10,32,2.000000000000,0,0
2153,73 74 79 329 330,5,10,32,2.000000000000,0,0
2154,73 74 79 329 353,5,10,32,2.000000000000,0,0
2155,73 74 79 330 347,5,10,32,2.000000000000,0,0
2156,73 74 95 97 218,5,10,32,2.000000000000,0,0
2157,73 74 95 97 219,5,10,32,2.000000000000,0,0
2158,73 74 95 97 347,5,10,32,2.000000000000,0,0
2159,73 74 95 97 348,5,10,32,2.000000000000,0,0
2160,73 74 95 98 218,5,10,32,2.000000000000,0,0
2161,73 74 95 98 219,5,10,32,2.000000000000,0,0
2162,73 74 95 98 328,5,10,32,2.000000000000,0,0
2163,73 74 95 98 329,5,10,32,2.000000000000,0,0
2164,73 74 95 98 347,5,10,32,2.000000000000,0,0
2165,73 74 95 98 348,5,10,32,2.000000000000,0,0
2166,73 74 95 218 328,5,10,32,2.000000000000,0,0
2167,73 74 95 218 330,5,10,32,2.000000000000,0,0
2168,73 74 95 218 348,5,10,32,2.000000000000,0,0
2169,73 74 95 218 353,5,10,32,2.000000000000,0,0
2170,73 74 95 219 328,5,10,32,2.000000000000,0,0
2171,73 74 95 219 330,5,10,32,2.000000000000,0,0
2172,73 74 95 219 348,5,10,32,2.000000000000,0,0
2173,73 74 95 219 353,5,10,32,2.000000000000,0,0
2174,73 74 95 222 328,5,10,32,2.000000000000,0,0
2175,73 74 95 328,4,8,16,2.000000000000,0,0
2176,73 74 95 328 328,5,10,32,2.000000000000,0,0
2177,73 74 95 328 329,5,10,32,2.000000000000,0,0
2178,73 74 95 328 330,5,10,32,2.000000000000,0,0
2179,73 74 95 328 347,5,10,32,2.000000000000,0,0
2180,73 74 95 328 348,5,10,32,2.000000000000,0,0
2181,73 74 95 328 353,5,10,32,2.000000000000,0,0
2182,73 74 95 329 330,5,10,32,2.000000000000,0,0
2183,73 74 95 329 348,5,10,32,2.000000000000,0,0
2184,73 74 95 329 353,5,10,32,2.000000000000,0,0
2185,73 74 95 330 347,5,10,32,2.000000000000,0,0
2186,73 74 95 330 348,5,10,32,2.000000000000,0,0
2187,73 74 95 347 348,5,10,32,2.000000000000,0,0
2188,73 74 95 347 353,5,10,32,2.000000000000,0,0
2189,73 74 95 348,4,8,16,2.000000000000,0,0
2190,73 74 95 348 348,5,10,32,2.000000000000,0,0
2191,73 74 95 348 353,5,10,32,2.000000000000,0,0
2192,73 74 97 97 218,5,10,32,2.000000000000,0,0
2193,73 74 97 97 219,5,10,32,2.000000000000,0,0
2194,73 74 97 97 328,5,10,32,2.000000000000,0,0
2195,73 74 97 97 329,5,10,32,2.000000000000,0,0
2196,73 74 97 97 347,5,10,32,2.000000000000,0,0
2197,73 74 97 97 348,5,10,32,2.000000000000,0,0
2198,73 74 97 98 218,5,10,32,2.000000000000,0,0
2199,73 74 97 98 219,5,10,32,2.000000000000,0,0
2200,73 74 97 98 328,5,10,32,2.000000000000,0,0
2201,73 74 97 98 329,5,10,32,2.000000000000,0,0
2202,73 74 97 98 347,5,10,32,2.000000000000,0,0
2203,73 74 97 98 348,5,10,32,2.000000000000,0,0
2204,73 74 97 218,4,8,16,2.000000000000,0,0
2205,73 74 97 218 328,5,10,32,2.000000000000,0,0
2206,73 74 97 218 329,5,10,32,2.000000000000,0,0
2207,73 74 97 218 330,5,10,32,2.000000000000,0,0
2208,73 74 97 219,4,8,16,2.000000000000,0,0
2209,73 74 97 219 219,5,10,32,2.000000000000,0,0
2210,73 74 97 219 328,5,10,32,2.000000000000,0,0
2211,73 74 97 219 329,5,10,32,2.000000000000,0,0
2212,73 74 97 219 330,5,10,32,2.000000000000,0,0
2213,73 74 97 219 347,5,10,32,2.000000000000,0,0
2214,73 74 97 219 348,5,10,32,2.000000000000,0,0
2215,73 74 97 219 353,5,10,32,2.000000000000,0,0
2216,73 74 97 328,4,8,16,2.000000000000,0,0
2217,73 74 97 328 328,5,10,32,2.000000000000,0,0
2218,73 74 97 328 329,5,10,32,2.000000000000,0,0
2219,73 74 97 328 330,5,10,32,2.000000000000,0,0
2220,73 74 97 328 347,5,10,32,2.000000000000,0,0
2221,73 74 97 328 348,5,10,32,2.000000000000,0,0
2222,73 74 97 328 353,5,10,32,2.000000000000,0,0
2223,73 74 97 329,4,8,16,2.000000000000,0,0
2224,73 74 97 329 329,5,10,32,2.000000000000,0,0
2225,73 74 97 329 330,5,10,32,2.000000000000,0,0
2226,73 74 97 329 347,5,10,32,2.000000000000,0,0
2227,73 74 97 329 348,5,10,32,2.000000000000,0,0
2228,73 74 97 329 353,5,10,32,2.000000000000,0,0
2229,73 74 97 330 347,5,10,32,2.000000000000,0,0
2230,73 74 97 330 348,5,10,32,2.000000000000,0,0
2231,73 74 97 347,4,8,16,2.000000000000,0,0
2232,73 74 97 347 348,5,10,32,2.000000000000,0,0
2233,73 74 97 347 353,5,10,32,2.000000000000,0,0
2234,73 74 97 348,4,8,16,2.000000000000,0,0
2235,73 74 97 348 348,5,10,32,2.000000000000,0,0
2236,73 74 97 348 353,5,10,32,2.000000000000,0,0
2237,73 74 98 98 219,5,10,32,2.000000000000,0,0
2238,73 74 98 98 328,5,10,32,2.000000000000,0,0
2239,73 74 98 98 329,5,10,32,2.000000000000,0,0
2240,73 74 98 98 347,5,10,32,2.000000000000,0,0
2241,73 74 98 98 348,5,10,32,2.000000000000,0,0
2242,73 74 98 219,4,8,16,2.000000000000,0,0
2243,73 74 98 219 328,5,10,32,2.000000000000,0,0
2244,73 74 98 219 329,5,10,32,2.000000000000,0,0
2245,73 74 98 219 330,5,10,32,2.000000000000,0,0
2246,73 74 98 328,4,8,16,2.000000000000,0,0
2247,73 74 98 328 328,5,10,32,2.000000000000,0,0
2248,73 74 98 328 329,5,10,32,2.000000000000,0,0
2249,73 74 98 328 330,5,10,32,2.000000000000,0,0
2250,73 74 98 328 347,5,10,32,2.000000000000,0,0
2251,73 74 98 328 348,5,10,32,2.000000000000,0,0
2252,73 74 98 328 353,5,10,32,2.000000000000,0,0
2253,73 74 98 329,4,8,16,2.000000000000,0,0
2254,73 74 98 329 329,5,10,32,2.000000000000,0,0
2255,73 74 98 329 330,5,10,32,2.000000000000,0,0
2256,73 74 98 329 347,5,10,32,2.000000000000,0,0
2257,73 74 98 329 348,5,10,32,2.000000000000,0,0
2258,73 74 98 329 353,5,10,32,2.000000000000,0,0
2259,73 74 98 330 347,5,10,32,2.000000000000,0,0
2260,73 74 98 330 348,5,10,32,2.000000000000,0,0
2261,73 74 98 347,4,8,16,2.000000000000,0,0
2262,73 74 98 347 348,5,10,32,2.000000000000,0,0
2263,73 74 98 347 353,5,10,32,2.000000000000,0,0
2264,73 74 98 348,4,8,16,2.000000000000,0,0
2265,73 74 98 348 348,5,10,32,2.000000000000,0,0
2266,73 74 98 348 353,5,10,32,2.000000000000,0,0
2267,73 74 328,3,6,8,2.000000000000,0,0
2268,73 74 328 328,4,8,16,2.000000000000,0,0
2269,73 74 328 328 328,5,10,32,2.000000000000,0,0
2270,73 74 328 328 329,5,10,32,2.000000000000,0,0
2271,73 74 328 328 347,5,10,32,2.000000000000,0,0
2272,73 74 328 328 348,5,10,32,2.000000000000,0,0
2273,73 74 328 328 353,5,10,32,2.000000000000,0,0
2274,73 74 328 329,4,8,16,2.000000000000,0,0
2275,73 74 328 329 329,5,10,32,2.000000000000,0,0
2276,73 74 328 329 347,5,10,32,2.000000000000,0,0
2277,73 74 328 329 348,5,10,32,2.000000000000,0,0
2278,73 74 328 329 353,5,10,32,2.000000000000,0,0
2279,73 74 328 330,4,8,16,2.000000000000,0,0
2280,73 74 328 347,4,8,16,2.000000000000,0,0
2281,73 74 328 347 353,5,10,32,2.000000000000,0,0
2282,73 74 328 348,4,8,16,2.000000000000,0,0
2283,73 74 328 353,4,8,16,2.000000000000,0,0
2284,73 74 328 353 353,5,10,32,2.000000000000,0,0
2285,73 74 329 329 330,5,10,32,2.000000000000,0,0
2286,73 74 329 329 353,5,10,32,2.000000000000,0,0
2287,73 74 329 330,4,8,16,2.000000000000,0,0
2288,73 74 329 330 347,5,10,32,2.000000000000,0,0
2289,73 74 329 330 353,5,10,32,2.000000000000,0,0
2290,73 74 329 353,4,8,16,2.000000000000,0,0
2291,73 74 330 347,4,8,16,2.000000000000,0,0
2292,73 79 79 79 328,5,10,32,2.000000000000,0,0
2293,73 79 79 95 328,5,10,32,2.000000000000,0,0
2294,73 79 79 95 348,5,10,32,2.000000000000,0,0
2295,73 79 79 97 218,5,10,32,2.000000000000,0,0
2296,73 79 79 97 219,5,10,32,2.000000000000,0,0
2297,73 79 79 97 328,5,10,32,2.000000000000,0,0
2298,73 79 79 97 329,5,10,32,2.000000000000,0,0
2299,73 79 79 97 347,5,10,32,2.000000000000,0,0
2300,73 79 79 97 348,5,10,32,2.000000000000,0,0
2301,73 79 79 98 219,5,10,32,2.000000000000,0,0
2302,73 79 79 98 328,5,10,32,2.000000000000,0,0
2303,73 79 79 98 329,5,10,32,2.000000000000,0,0
2304,73 79 79 98 347,5,10,32,2.000000000000,0,0
2305,73 79 79 98 348,5,10,32,2.000000000000,0,0
2306,73 79 79 328,4,8,16,2.000000000000,0,0
2307,73 79 79 328 328,5,10,32,2.000000000000,0,0
2308,73 79 79 328 329,5,10,32,2.000000000000,0,0
2309,73 79 79 328 347,5,10,32,2.000000000000,0,0
2310,73 79 79 328 348,5,10,32,2.000000000000,0,0
2311,73 79 79 328 353,5,10,32,2.000000000000,0,0
2312,73 79 79 329 330,5,10,32,2.000000000000,0,0
2313,73 79 79 329 353,5,10,32,2.000000000000,0,0
2314,73 79 79 330 347,5,10,32,2.000000000000,0,0
2315,73 79 95 98 218,5,10,32,2.000000000000,0,0
2316,73 79 95 98 219,5,10,32,2.000000000000,0,0
2317,73 79 95 98 347,5,10,32,2.000000000000,0,0
2318,73 79 95 98 348,5,10,32,2.000000000000,0,0
2319,73 79 95 218 328,5,10,32,2.000000000000,0,0
2320,73 79 95 218 330,5,10,32,2.000000000000,0,0
2321,73 79 95 218 348,5,10,32,2.000000000000,0,0
2322,73 79 95 218 353,5,10,32,2.000000000000,0,0
2323,73 79 95 219 328,5,10,32,2.000000000000,0,0
2324,73 79 95 219 330,5,10,32,2.000000000000,0,0
2325,73 79 95 219 348,5,10,32,2.000000000000,0,0
2326,73 79 95 219 353,5,10,32,2.000000000000,0,0
2327,73 79 95 222 328,5,10,32,2.000000000000,0,0
2328,73 79 95 328,4,8,16,2.000000000000,0,0
2329,73 79 95 328 328,5,10,32,2.000000000000,0,0
2330,73 79 95 328 329,5,10,32,2.000000000000,0,0
2331,73 79 95 328 347,5,10,32,2.000000000000,0,0
2332,73 79 95 328 348,5,10,32,2.000000000000,0,0
2333,73 79 95 328 353,5,10,32,2.000000000000,0,0
2334,73 79 95 329 330,5,10,32,2.000000000000,0,0
2335,73 79 95 329 348,5,10,32,2.000000000000,0,0
2336,73 79 95 329 353,5,10,32,2.000000000000,0,0
2337,73 79 95 330 347,5,10,32,2.000000000000,0,0
2338,73 79 95 330 348,5,10,32,2.000000000000,0,0
2339,73 79 95 347 353,5,10,32,2.000000000000,0,0
2340,73 79 95 348,4,8,16,2.000000000000,0,0
2341,73 79 95 348 348,5,10,32,2.000000000000,0,0
2342,73 79 95 348 353,5,10,32,2.000000000000,0,0
2343,73 79 97 97 218,5,10,32,2.000000000000,0,0
2344,73 79 97 97 219,5,10,32,2.000000000000,0,0
2345,73 79 97 97 328,5,10,32,2.000000000000,0,0
2346,73 79 97 97 329,5,10,32,2.000000000000,0,0
2347,73 79 97 97 347,5,10,32,2.000000000000,0,0
2348,73 79 97 97 348,5,10,32,2.000000000000,0,0
2349,73 79 97 98 218,5,10,32,2.000000000000,0,0
2350,73 79 97 98 219,5,10,32,2.000000000000,0,0
2351,73 79 97 98 328,5,10,32,2.000000000000,0,0
2352,73 79 97 98 329,5,10,32,2.000000000000,0,0
2353,73 79 97 98 347,5,10,32,2.000000000000,0,0
2354,73 79 97 98 348,5,10,32,2.000000000000,0,0
2355,73 79 97 218,4,8,16,2.000000000000,0,0
2356,73 79 97 218 328,5,10,32,2.000000000000,0,0
2357,73 79 97 218 329,5,10,32,2.000000000000,0,0
2358,73 79 97 218 330,5,10,32,2.000000000000,0,0
2359,73 79 97 219,4,8,16,2.000000000000,0,0
2360,73 79 97 219 219,5,10,32,2.000000000000,0,0
2361,73 79 97 219 328,5,10,32,2.000000000000,0,0
2362,73 79 97 219 329,5,10,32,2.000000000000,0,0
2363,73 79 97 219 330,5,10,32,2.000000000000,0,0
2364,73 79 97 219 347,5,10,32,2.000000000000,0,0
2365,73 79 97 219 348,5,10,32,2.000000000000,0,0
2366,73 79 97 219 353,5,10,32,2.000000000000,0,0
2367,73 79 97 328,4,8,16,2.000000000000,0,0
2368,73 79 97 328 328,5,10,32,2.000000000000,0,0
2369,73 79 97 328 329,5,10,32,2.000000000000,0,0
2370,73 79 97 328 347,5,10,32,2.000000000000,0,0
2371,73 79 97 328 348,5,10,32,2.000000000000,0,0
2372,73 79 97 328 353,5,10,32,2.000000000000,0,0
2373,73 79 97 329,4,8,16,2.000000000000,0,0
2374,73 79 97 329 329,5,10,32,2.000000000000,0,0
2375,73 79 97 329 330,5,10,32,2.000000000000,0,0
2376,73 79 97 329 347,5,10,32,2.000000000000,0,0
2377,73 79 97 329 348,5,10,32,2.000000000000,0,0
2378,73 79 97 329 353,5,10,32,2.000000000000,0,0
2379,73 79 97 330 347,5,10,32,2.000000000000,0,0
2380,73 79 97 330 348,5,10,32,2.000000000000,0,0
2381,73 79 97 347,4,8,16,2.000000000000,0,0
2382,73 79 97 347 353,5,10,32,2.000000000000,0,0
2383,73 79 97 348,4,8,16,2.000000000000,0,0
2384,73 79 97 348 348,5,10,32,2.000000000000,0,0
2385,73 79 97 348 353,5,10,32,2.000000000000,0,0
2386,73 79 98 98 219,5,10,32,2.000000000000,0,0
2387,73 79 98 98 328,5,10,32,2.000000000000,0,0
2388,73 79 98 98 329,5,10,32,2.000000000000,0,0
2389,73 79 98 98 347,5,10,32,2.000000000000,0,0
2390,73 79 98 98 348,5,10,32,2.000000000000,0,0
2391,73 79 98 219,4,8,16,2.000000000000,0,0
2392,73 79 98 219 328,5,10,32,2.000000000000,0,0
2393,73 79 98 219 329,5,10,32,2.000000000000,0,0
2394,73 79 98 219 330,5,10,32,2.000000000000,0,0
2395,73 79 98 328,4,8,16,2.000000000000,0,0
2396,73 79 98 328 328,5,10,32,2.000000000000,0,0
2397,73 79 98 328 329,5,10,32,2.000000000000,0,0
2398,73 79 98 328 347,5,10,32,2.000000000000,0,0
2399,73 79 98 328 348,5,10,32,2.000000000000,0,0
2400,73 79 98 328 353,5,10,32,2.000000000000,0,0
2401,73 79 98 329,4,8,16,2.000000000000,0,0
2402,73 79 98 329 329,5,10,32,2.000000000000,0,0
2403,73 79 98 329 330,5,10,32,2.000000000000,0,0
2404,73 79 98 329 347,5,10,32,2.000000000000,0,0
2405,73 79 98 329 348,5,10,32,2.000000000000,0,0
2406,73 79 98 329 353,5,10,32,2.000000000000,0,0
2407,73 79 98 330 347,5,10,32,2.000000000000,0,0
2408,73 79 98 330 348,5,10,32,2.000000000000,0,0
2409,73 79 98 347,4,8,16,2.000000000000,0,0
2410,73 79 98 347 353,5,10,32,2.000000000000,0,0
2411,73 79 98 348,4,8,16,2.000000000000,0,0
2412,73 79 98 348 348,5,10,32,2.000000000000,0,0
2413,73 79 98 348 353,5,10,32,2.000000000000,0,0
2414,73 79 328,3,6,8,2.000000000000,0,0
2415,73 79 328 328,4,8,16,2.000000000000,0,0
2416,73 79 328 328 328,5,10,32,2.000000000000,0,0
2417,73 79 328 328 329,5,10,32,2.000000000000,0,0
2418,73 79 328 328 347,5,10,32,2.000000000000,0,0
2419,73 79 328 328 348,5,10,32,2.000000000000,0,0
2420,73 79 328 328 353,5,10,32,2.000000000000,0,0
2421,73 79 328 329,4,8,16,2.000000000000,0,0
2422,73 79 328 329 329,5,10,32,2.000000000000,0,0
2423,73 79 328 329 347,5,10,32,2.000000000000,0,0
2424,73 79 328 329 348,5,10,32,2.000000000000,0,0
2425,73 79 328 329 353,5,10,32,2.000000000000,0,0
2426,73 79 328 347,4,8,16,2.000000000000,0,0
2427,73 79 328 348,4,8,16,2.000000000000,0,0
2428,73 79 328 353,4,8,16,2.000000000000,0,0
2429,73 79 328 353 353,5,10,32,2.000000000000,0,0
2430,73 79 329 329 353,5,10,32,2.000000000000,0,0
2431,73 79 329 330,4,8,16,2.000000000000,0,0
2432,73 79 329 353,4,8,16,2.000000000000,0,0
2433,73 79 330 347,4,8,16,2.000000000000,0,0
2434,73 95 218 218 328,5,10,32,2.000000000000,0,0
2435,73 95 218 218 330,5,10,32,2.000000000000,0,0
2436,73 95 218 218 348,5,10,32,2.000000000000,0,0
2437,73 95 218 218 353,5,10,32,2.000000000000,0,0
2438,73 95 218 219 328,5,10,32,2.000000000000,0,0
2439,73 95 218 219 330,5,10,32,2.000000000000,0,0
2440,73 95 218 219 348,5,10,32,2.000000000000,0,0
2441,73 95 218 219 353,5,10,32,2.000000000000,0,0
2442,73 95 218 328,4,8,16,2.000000000000,0,0
2443,73 95 218 328 347,5,10,32,2.000000000000,0,0
2444,73 95 218 328 348,5,10,32,2.000000000000,0,0
2445,73 95 218 328 353,5,10,32,2.000000000000,0,0
2446,73 95 218 329 348,5,10,32,2.000000000000,0,0
2447,73 95 218 329 353,5,10,32,2.000000000000,0,0
2448,73 95 218 330,4,8,16,2.000000000000,0,0
2449,73 95 218 330 347,5,10,32,2.000000000000,0,0
2450,73 95 218 330 348,5,10,32,2.000000000000,0,0
2451,73 95 218 330 353,5,10,32,2.000000000000,0,0
2452,73 95 218 348,4,8,16,2.000000000000,0,0
2453,73 95 218 348 348,5,10,32,2.000000000000,0,0
2454,73 95 218 348 353,5,10,32,2.000000000000,0,0
2455,73 95 218 353,4,8,16,2.000000000000,0,0
2456,73 95 218 353 353,5,10,32,2.000000000000,0,0
2457,73 95 219 219 348,5,10,32,2.000000000000,0,0
2458,73 95 219 219 353,5,10,32,2.000000000000,0,0
2459,73 95 219 329 348,5,10,32,2.000000000000,0,0
2460,73 95 219 329 353,5,10,32,2.000000000000,0,0
2461,73 95 219 330 353,5,10,32,2.000000000000,0,0
2462,73 95 219 348,4,8,16,2.000000000000,0,0
2463,73 95 219 348 348,5,10,32,2.000000000000,0,0
2464,73 95 219 348 353,5,10,32,2.000000000000,0,0
2465,73 95 219 353,4,8,16,2.000000000000,0,0
2466,73 95 219 353 353,5,10,32,2.000000000000,0,0
2467,73 95 222 330 347,5,10,32,2.000000000000,0,0
2468,73 95 348,3,6,8,2.000000000000,0,0
2469,73 95 348 348,4,8,16,2.000000000000,0,0
2470,73 95 348 348 348,5,10,32,2.000000000000,0,0
2471,73 95 348 348 353,5,10,32,2.000000000000,0,0
2472,73 95 348 353,4,8,16,2.000000000000,0,0
2473,73 95 348 353 353,5,10,32,2.000000000000,0,0
2474,73 97 97 97 218,5,10,32,2.000000000000,0,0
2475,73 97 97 97 348,5,10,32,2.000000000000,0,0
2476,73 97 97 98 218,5,10,32,2.000000000000,0,0
2477,73 97 97 98 348,5,10,32,2.000000000000,0,0
2478,73 97 97 218,4,8,16,2.000000000000,0,0
2479,73 97 97 218 218,5,10,32,2.000000000000,0,0
2480,73 97 97 218 219,5,10,32,2.000000000000,0,0
2481,73 97 97 218 328,5,10,32,2.000000000000,0,0
2482,73 97 97 218 329,5,10,32,2.000000000000,0,0
2483,73 97 97 218 330,5,10,32,2.000000000000,0,0
2484,73 97 97 218 347,5,10,32,2.000000000000,0,0
2485,73 97 97 218 348,5,10,32,2.000000000000,0,0
2486,73 97 97 218 353,5,10,32,2.000000000000,0,0
2487,73 97 97 219 348,5,10,32,2.000000000000,0,0
2488,73 97 97 219 353,5,10,32,2.000000000000,0,0
2489,73 97 97 328 348,5,10,32,2.000000000000,0,0
2490,73 97 97 328 353,5,10,32,2.000000000000,0,0
2491,73 97 97 329 348,5,10,32,2.000000000000,0,0
2492,73 97 97 329 353,5,10,32,2.000000000000,0,0
2493,73 97 97 348,4,8,16,2.000000000000,0,0
2494,73 97 97 348 348,5,10,32,2.000000000000,0,0
2495,73 97 97 348 353,5,10,32,2.000000000000,0,0
2496,73 97 98 98 218,5,10,32,2.000000000000,0,0
2497,73 97 98 98 348,5,10,32,2.000000000000,0,0
2498,73 97 98 218,4,8,16,2.000000000000,0,0
2499,73 97 98 218 219,5,10,32,2.000000000000,0,0
2500,73 97 98 218 328,5,10,32,2.000000000000,0,0
2501,73 97 98 218 329,5,10,32,2.000000000000,0,0
2502,73 97 98 218 330,5,10,32,2.000000000000,0,0
2503,73 97 98 218 347,5,10,32,2.000000000000,0,0
2504,73 97 98 218 348,5,10,32,2.000000000000,0,0
2505,73 97 98 218 353,5,10,32,2.000000000000,0,0
2506,73 97 98 219 348,5,10,32,2.000000000000,0,0
2507,73 97 98 219 353,5,10,32,2.000000000000,0,0
2508,73 97 98 328 348,5,10,32,2.000000000000,0,0
2509,73 97 98 328 353,5,10,32,2.000000000000,0,0
2510,73 97 98 329 348,5,10,32,2.000000000000,0,0
2511,73 97 98 329 353,5,10,32,2.000000000000,0,0
2512,73 97 98 348,4,8,16,2.000000000000,0,0
2513,73 97 98 348 348,5,10,32,2.000000000000,0,0
2514,73 97 98 348 353,5,10,32,2.000000000000,0,0
2515,73 97 218,3,6,8,2.000000000000,0,0
2516,73 97 218 328,4,8,16,2.000000000000,0,0
2517,73 97 218 328 328,5,10,32,2.000000000000,0,0
2518,73 97 218 328 329,5,10,32,2.000000000000,0,0
2519,73 97 218 328 347,5,10,32,2.000000000000,0,0
2520,73 97 218 328 348,5,10,32,2.000000000000,0,0
2521,73 97 218 328 353,5,10,32,2.000000000000,0,0
2522,73 97 218 329,4,8,16,2.000000000000,0,0
2523,73 97 218 329 329,5,10,32,2.000000000000,0,0
2524,73 97 218 329 347,5,10,32,2.000000000000,0,0
2525,73 97 218 329 353,5,10,32,2.000000000000,0,0
2526,73 97 218 330,4,8,16,2.000000000000,0,0
2527,73 97 219 219 348,5,10,32,2.000000000000,0,0
2528,73 97 219 219 353,5,10,32,2.000000000000,0,0
2529,73 97 219 328 348,5,10,32,2.000000000000,0,0
2530,73 97 219 328 353,5,10,32,2.000000000000,0,0
2531,73 97 219 329 348,5,10,32,2.000000000000,0,0
2532,73 97 219 329 353,5,10,32,2.000000000000,0,0
2533,73 97 219 330 353,5,10,32,2.000000000000,0,0
2534,73 97 219 348,4,8,16,2.000000000000,0,0
2535,73 97 219 348 348,5,10,32,2.000000000000,0,0
2536,73 97 219 348 353,5,10,32,2.000000000000,0,0
2537,73 97 219 353,4,8,16,2.000000000000,0,0
2538,73 97 219 353 353,5,10,32,2.000000000000,0,0
2539,73 97 328 328 348,5,10,32,2.000000000000,0,0
2540,73 97 328 328 353,5,10,32,2.000000000000,0,0
2541,73 97 328 329 348,5,10,32,2.000000000000,0,0
2542,73 97 328 329 353,5,10,32,2.000000000000,0,0
2543,73 97 328 348,4,8,16,2.000000000000,0,0
2544,73 97 328 348 348,5,10,32,2.000000000000,0,0
2545,73 97 328 348 353,5,10,32,2.000000000000,0,0
2546,73 97 328 353,4,8,16,2.000000000000,0,0
2547,73 97 328 353 353,5,10,32,2.000000000000,0,0
2548,73 97 329 329 348,5,10,32,2.000000000000,0,0
2549,73 97 329 329 353,5,10,32,2.000000000000,0,0
2550,73 97 329 348,4,8,16,2.000000000000,0,0
2551,73 97 329 348 348,5,10,32,2.000000000000,0,0
2552,73 97 329 348 353,5,10,32,2.000000000000,0,0
2553,73 97 329 353,4,8,16,2.000000000000,0,0
2554,73 97 329 353 353,5,10,32,2.000000000000,0,0
2555,73 97 348,3,6,8,2.000000000000,0,0
2556,73 97 348 348,4,8,16,2.000000000000,0,0
2557,73 97 348 348 348,5,10,32,2.000000000000,0,0
2558,73 97 348 348 353,5,10,32,2.000000000000,0,0
2559,73 97 348 353,4,8,16,2.000000000000,0,0
2560,73 97 348 353 353,5,10,32,2.000000000000,0,0
2561,73 98 98 328 348,5,10,32,2.000000000000,0,0
2562,73 98 98 328 353,5,10,32,2.000000000000,0,0
2563,73 98 98 329 348,5,10,32,2.000000000000,0,0
2564,73 98 98 329 353,5,10,32,2.000000000000,0,0
2565,73 98 219 328 348,5,10,32,2.000000000000,0,0
2566,73 98 219 328 353,5,10,32,2.000000000000,0,0
2567,73 98 219 329 353,5,10,32,2.000000000000,0,0
2568,73 98 328 328 348,5,10,32,2.000000000000,0,0
2569,73 98 328 328 353,5,10,32,2.000000000000,0,0
2570,73 98 328 329 348,5,10,32,2.000000000000,0,0
2571,73 98 328 329 353,5,10,32,2.000000000000,0,0
2572,73 98 328 348,4,8,16,2.000000000000,0,0
2573,73 98 328 348 348,5,10,32,2.000000000000,0,0
2574,73 98 328 348 353,5,10,32,2.000000000000,0,0
2575,73 98 328 353,4,8,16,2.000000000000,0,0
2576,73 98 328 353 353,5,10,32,2.000000000000,0,0
2577,73 98 329 329 348,5,10,32,2.000000000000,0,0
2578,73 98 329 329 353,5,10,32,2.000000000000,0,0
2579,73 98 329 348,4,8,16,2.000000000000,0,0
2580,73 98 329 348 348,5,10,32,2.000000000000,0,0
2581,73 98 329 348 353,5,10,32,2.000000000000,0,0
2582,73 98 329 353,4,8,16,2.000000000000,0,0
2583,73 98 329 353 353,5,10,32,2.000000000000,0,0
2584,73 328 328 328 348,5,10,32,2.000000000000,0,0
2585,73 328 328 328 353,5,10,32,2.000000000000,0,0
2586,73 328 328 329 348,5,10,32,2.000000000000,0,0
2587,73 328 328 329 353,5,10,32,2.000000000000,0,0
2588,73 328 328 348,4,8,16,2.000000000000,0,0
2589,73 328 328 348 348,5,10,32,2.000000000000,0,0
2590,73 328 328 348 353,5,10,32,2.000000000000,0,0
2591,73 328 328 353,4,8,16,2.000000000000,0,0
2592,73 328 328 353 353,5,10,32,2.000000000000,0,0
2593,73 328 329 329 348,5,10,32,2.000000000000,0,0
2594,73 328 329 329 353,5,10,32,2.000000000000,0,0
2595,73 328 329 348,4,8,16,2.000000000000,0,0
2596,73 328 329 348 353,5,10,32,2.000000000000,0,0
2597,73 328 329 353,4,8,16,2.000000000000,0,0
2598,73 328 329 353 353,5,10,32,2.000000000000,0,0
2599,73 328 348,3,6,8,2.000000000000,0,0
2600,73 328 353,3,6,8,2.000000000000,0,0
2601,73 328 353 353,4,8,16,2.000000000000,0,0
2602,73 328 353 353 353,5,10,32,2.000000000000,0,0
2603,73 329 329 329 353,5,10,32,2.000000000000,0,0
2604,73 329 329 353,4,8,16,2.000000000000,0,0
2605,73 329 329 353 353,5,10,32,2.000000000000,0,0
2606,73 329 353,3,6,8,2.000000000000,0,0
2607,74 74 74 74 328,5,10,32,2.000000000000,0,0
2608,74 74 74 79 328,5,10,32,2.000000000000,0,0
2609,74 74 74 97 218,5,10,32,2.000000000000,0,0
2610,74 74 74 97 219,5,10,32,2.000000000000,0,0
2611,74 74 74 97 328,5,10,32,2.000000000000,0,0
2612,74 74 74 97 329,5,10,32,2.000000000000,0,0
2613,74 74 74 97 348,5,10,32,2.000000000000,0,0
2614,74 74 74 98 219,5,10,32,2.000000000000,0,0
2615,74 74 74 98 328,5,10,32,2.000000000000,0,0
2616,74 74 74 98 329,5,10,32,2.000000000000,0,0
2617,74 74 74 98 348,5,10,32,2.000000000000,0,0
2618,74 74 74 328,4,8,16,2.000000000000,0,0
2619,74 74 74 328 328,5,10,32,2.000000000000,0,0
2620,74 74 74 328 329,5,10,32,2.000000000000,0,0
2621,74 74 74 328 348,5,10,32,2.000000000000,0,0
2622,74 74 74 328 353,5,10,32,2.000000000000,0,0
2623,74 74 74 329 353,5,10,32,2.000000000000,0,0
2624,74 74 79 79 328,5,10,32,2.000000000000,0,0
2625,74 74 79 97 218,5,10,32,2.000000000000,0,0
2626,74 74 79 97 219,5,10,32,2.000000000000,0,0
2627,74 74 79 97 328,5,10,32,2.000000000000,0,0
2628,74 74 79 97 329,5,10,32,2.000000000000,0,0
2629,74 74 79 97 348,5,10,32,2.000000000000,0,0
2630,74 74 79 98 219,5,10,32,2.000000000000,0,0
2631,74 74 79 98 328,5,10,32,2.000000000000,0,0
2632,74 74 79 98 329,5,10,32,2.000000000000,0,0
2633,74 74 79 98 348,5,10,32,2.000000000000,0,0
2634,74 74 79 328,4,8,16,2.000000000000,0,0
2635,74 74 79 328 328,5,10,32,2.000000000000,0,0
2636,74 74 79 328 329,5,10,32,2.000000000000,0,0
2637,74 74 79 328 348,5,10,32,2.000000000000,0,0
2638,74 74 79 328 353,5,10,32,2.000000000000,0,0
2639,74 74 79 329 353,5,10,32,2.000000000000,0,0
2640,74 74 97 97 218,5,10,32,2.000000000000,0,0
2641,74 74 97 97 219,5,10,32,2.000000000000,0,0
2642,74 74 97 97 348,5,10,32,2.000000000000,0,0
2643,74 74 97 98 218,5,10,32,2.000000000000,0,0
2644,74 74 97 98 219,5,10,32,2.000000000000,0,0
2645,74 74 97 98 328,5,10,32,2.000000000000,0,0
2646,74 74 97 98 329,5,10,32,2.000000000000,0,0
2647,74 74 97 98 348,5,10,32,2.000000000000,0,0
2648,74 74 97 218,4,8,16,2.000000000000,0,0
2649,74 74 97 218 328,5,10,32,2.000000000000,0,0
2650,74 74 97 218 329,5,10,32,2.000000000000,0,0
2651,74 74 97 219,4,8,16,2.000000000000,0,0
2652,74 74 97 219 219,5,10,32,2.000000000000,0,0
2653,74 74 97 219 328,5,10,32,2.000000000000,0,0
2654,74 74 97 219 329,5,10,32,2.000000000000,0,0
2655,74 74 97 219 348,5,10,32,2.000000000000,0,0
2656,74 74 97 219 353,5,10,32,2.000000000000,0,0
2657,74 74 97 328,4,8,16,2.000000000000,0,0
2658,74 74 97 328 328,5,10,32,2.000000000000,0,0
2659,74 74 97 328 329,5,10,32,2.000000000000,0,0
2660,74 74 97 328 348,5,10,32,2.000000000000,0,0
2661,74 74 97 328 353,5,10,32,2.000000000000,0,0
2662,74 74 97 329,4,8,16,2.000000000000,0,0
2663,74 74 97 329 329,5,10,32,2.000000000000,0,0
2664,74 74 97 329 348,5,10,32,2.000000000000,0,0
2665,74 74 97 329 353,5,10,32,2.000000000000,0,0
2666,74 74 97 348,4,8,16,2.000000000000,0,0
2667,74 74 97 348 348,5,10,32,2.000000000000,0,0
2668,74 74 97 348 353,5,10,32,2.000000000000,0,0
2669,74 74 98 98 219,5,10,32,2.000000000000,0,0
2670,74 74 98 98 328,5,10,32,2.000000000000,0,0
2671,74 74 98 98 329,5,10,32,2.000000000000,0,0
2672,74 74 98 98 348,5,10,32,2.000000000000,0,0
2673,74 74 98 219,4,8,16,2.000000000000,0,0
2674,74 74 98 219 328,5,10,32,2.000000000000,0,0
2675,74 74 98 219 329,5,10,32,2.000000000000,0,0
2676,74 74 98 328,4,8,16,2.000000000000,0,0
2677,74 74 98 328 328,5,10,32,2.000000000000,0,0
2678,74 74 98 328 329,5,10,32,2.000000000000,0,0
2679,74 74 98 328 348,5,10,32,2.000000000000,0,0
2680,74 74 98 328 353,5,10,32,2.000000000000,0,0
2681,74 74 98 329,4,8,16,2.000000000000,0,0
2682,74 74 98 329 329,5,10,32,2.000000000000,0,0
2683,74 74 98 329 348,5,10,32,2.000000000000,0,0
2684,74 74 98 329 353,5,10,32,2.000000000000,0,0
2685,74 74 98 348,4,8,16,2.000000000000,0,0
2686,74 74 98 348 348,5,10,32,2.000000000000,0,0
2687,74 74 98 348 353,5,10,32,2.000000000000,0,0
2688,74 74 328,3,6,8,2.000000000000,0,0
2689,74 74 328 328,4,8,16,2.000000000000,0,0
2690,74 74 328 329,4,8,16,2.000000000000,0,0
2691,74 74 328 329 329,5,10,32,2.000000000000,0,0
2692,74 74 328 329 348,5,10,32,2.000000000000,0,0
2693,74 74 328 329 353,5,10,32,2.000000000000,0,0
2694,74 74 328 348,4,8,16,2.000000000000,0,0
2695,74 74 328 353,4,8,16,2.000000000000,0,0
2696,74 74 328 353 353,5,10,32,2.000000000000,0,0
2697,74 74 329 329 353,5,10,32,2.000000000000,0,0
2698,74 74 329 353,4,8,16,2.000000000000,0,0
2699,74 79 79 79 328,5,10,32,2.000000000000,0,0
2700,74 79 79 97 218,5,10,32,2.000000000000,0,0
2701,74 79 79 97 219,5,10,32,2.000000000000,0,0
2702,74 79 79 97 328,5,10,32,2.000000000000,0,0
2703,74 79 79 97 329,5,10,32,2.000000000000,0,0
2704,74 79 79 97 348,5,10,32,2.000000000000,0,0
2705,74 79 79 98 219,5,10,32,2.000000000000,0,0
2706,74 79 79 98 328,5,10,32,2.000000000000,0,0
2707,74 79 79 98 329,5,10,32,2.000000000000,0,0
2708,74 79 79 98 348,5,10,32,2.000000000000,0,0
2709,74 79 79 328,4,8,16,2.000000000000,0,0
2710,74 79 79 328 329,5,10,32,2.000000000000,0,0
2711,74 79 79 328 348,5,10,32,2.000000000000,0,0
2712,74 79 79 328 353,5,10,32,2.000000000000,0,0
2713,74 79 79 329 353,5,10,32,2.000000000000,0,0
2714,74 79 97 98 218,5,10,32,2.000000000000,0,0
2715,74 79 97 98 219,5,10,32,2.000000000000,0,0
2716,74 79 97 98 348,5,10,32,2.000000000000,0,0
2717,74 79 97 218,4,8,16,2.000000000000,0,0
2718,74 79 97 218 328,5,10,32,2.000000000000,0,0
2719,74 79 97 218 329,5,10,32,2.000000000000,0,0
2720,74 79 97 219,4,8,16,2.000000000000,0,0
2721,74 79 97 219 219,5,10,32,2.000000000000,0,0
2722,74 79 97 219 328,5,10,32,2.000000000000,0,0
2723,74 79 97 219 329,5,10,32,2.000000000000,0,0
2724,74 79 97 219 348,5,10,32,2.000000000000,0,0
2725,74 79 97 219 353,5,10,32,2.000000000000,0,0
2726,74 79 97 328,4,8,16,2.000000000000,0,0
2727,74 79 97 328 329,5,10,32,2.000000000000,0,0
2728,74 79 97 328 348,5,10,32,2.000000000000,0,0
2729,74 79 97 328 353,5,10,32,2.000000000000,0,0
2730,74 79 97 329,4,8,16,2.000000000000,0,0
2731,74 79 97 329 329,5,10,32,2.000000000000,0,0
2732,74 79 97 329 348,5,10,32,2.000000000000,0,0
2733,74 79 97 329 353,5,10,32,2.000000000000,0,0
2734,74 79 97 348,4,8,16,2.000000000000,0,0
2735,74 79 97 348 353,5,10,32,2.000000000000,0,0
2736,74 79 98 98 219,5,10,32,2.000000000000,0,0
2737,74 79 98 98 328,5,10,32,2.000000000000,0,0
2738,74 79 98 98 329,5,10,32,2.000000000000,0,0
2739,74 79 98 98 348,5,10,32,2.000000000000,0,0
2740,74 79 98 219,4,8,16,2.000000000000,0,0
2741,74 79 98 219 328,5,10,32,2.000000000000,0,0
2742,74 79 98 219 329,5,10,32,2.000000000000,0,0
2743,74 79 98 328,4,8,16,2.000000000000,0,0
2744,74 79 98 328 329,5,10,32,2.000000000000,0,0
2745,74 79 98 328 348,5,10,32,2.000000000000,0,0
2746,74 79 98 328 353,5,10,32,2.000000000000,0,0
2747,74 79 98 329,4,8,16,2.000000000000,0,0
2748,74 79 98 329 329,5,10,32,2.000000000000,0,0
2749,74 79 98 329 348,5,10,32,2.000000000000,0,0
2750,74 79 98 329 353,5,10,32,2.000000000000,0,0
2751,74 79 98 348,4,8,16,2.000000000000,0,0
2752,74 79 98 348 353,5,10,32,2.000000000000,0,0
2753,74 79 328,3,6,8,2.000000000000,0,0
2754,74 79 328 329,4,8,16,2.000000000000,0,0
2755,74 79 328 348,4,8,16,2.000000000000,0,0
2756,74 79 328 353,4,8,16,2.000000000000,0,0
2757,74 79 328 353 353,5,10,32,2.000000000000,0,0
2758,74 79 329 329 353,5,10,32,2.000000000000,0,0
2759,74 79 329 353,4,8,16,2.000000000000,0,0
2760,74 97 218,3,6,8,2.000000000000,0,0
2761,74 97 218 328,4,8,16,2.000000000000,0,0
2762,74 97 218 328 348,5,10,32,2.000000000000,0,0
2763,74 97 218 328 353,5,10,32,2.000000000000,0,0
2764,74 97 218 329,4,8,16,2.000000000000,0,0
2765,74 97 218 329 329,5,10,32,2.000000000000,0,0
2766,74 97 218 329 353,5,10,32,2.000000000000,0,0
2767,74 97 219,3,6,8,2.000000000000,0,0
2768,74 97 219 219,4,8,16,2.000000000000,0,0
2769,74 97 219 219 219,5,10,32,2.000000000000,0,0
2770,74 97 219 219 329,5,10,32,2.000000000000,0,0
2771,74 97 219 219 348,5,10,32,2.000000000000,0,0
2772,74 97 219 219 353,5,10,32,2.000000000000,0,0
2773,74 97 219 329,4,8,16,2.000000000000,0,0
2774,74 97 219 329 348,5,10,32,2.000000000000,0,0
2775,74 97 219 329 353,5,10,32,2.000000000000,0,0
2776,74 97 219 348,4,8,16,2.000000000000,0,0
2777,74 97 219 353,4,8,16,2.000000000000,0,0
2778,74 97 219 353 353,5,10,32,2.000000000000,0,0
2779,74 97 348,3,6,8,2.000000000000,0,0
2780,74 98 98 98 219,5,10,32,2.000000000000,0,0
2781,74 98 98 98 328,5,10,32,2.000000000000,0,0
2782,74 98 98 98 329,5,10,32,2.000000000000,0,0
2783,74 98 98 98 348,5,10,32,2.000000000000,0,0
2784,74 98 98 219,4,8,16,2.000000000000,0,0
2785,74 98 98 219 219,5,10,32,2.000000000000,0,0
2786,74 98 98 219 328,5,10,32,2.000000000000,0,0
2787,74 98 98 219 329,5,10,32,2.000000000000,0,0
2788,74 98 98 219 348,5,10,32,2.000000000000,0,0
2789,74 98 98 219 353,5,10,32,2.000000000000,0,0
2790,74 98 98 328,4,8,16,2.000000000000,0,0
2791,74 98 98 329,4,8,16,2.000000000000,0,0
2792,74 98 98 329 329,5,10,32,2.000000000000,0,0
2793,74 98 98 329 348,5,10,32,2.000000000000,0,0
2794,74 98 98 329 353,5,10,32,2.000000000000,0,0
2795,74 98 98 348,4,8,16,2.000000000000,0,0
2796,74 98 219,3,6,8,2.000000000000,0,0
2797,74 98 219 328,4,8,16,2.000000000000,0,0
2798,74 98 219 328 353,5,10,32,2.000000000000,0,0
2799,74 98 219 329,4,8,16,2.000000000000,0,0
2800,74 98 219 329 329,5,10,32,2.000000000000,0,0
2801,74 98 219 329 353,5,10,32,2.000000000000,0,0
2802,74 98 328,3,6,8,2.000000000000,0,0
2803,74 98 329,3,6,8,2.000000000000,0,0
2804,74 98 329 329,4,8,16,2.000000000000,0,0
2805,74 98 329 329 329,5,10,32,2.000000000000,0,0
2806,74 98 329 329 353,5,10,32,2.000000000000,0,0
2807,74 98 329 348,4,8,16,2.000000000000,0,0
2808,74 98 329 353,4,8,16,2.000000000000,0,0
2809,74 98 329 353 353,5,10,32,2.000000000000,0,0
2810,74 98 348,3,6,8,2.000000000000,0,0
2811,74 328,2,4,4,2.500000000000,0,1
2812,74 329 329 329 353,5,10,32,2.000000000000,0,0
2813,74 329 329 353,4,8,16,2.000000000000,0,0
2814,74 329 329 353 353,5,10,32,2.000000000000,0,0
2815,74 329 353,3,6,8,2.000000000000,0,0
2816,79 79 79 98 219,5,10,32,2.000000000000,0,0
2817,79 79 79 98 329,5,10,32,2.000000000000,0,0
2818,79 79 98 98 219,5,10,32,2.000000000000,0,0
2819,79 79 98 219,4,8,16,2.000000000000,0,0
2820,79 79 98 219 329,5,10,32,2.000000000000,0,0
2821,79 79 98 329,4,8,16,2.000000000000,0,0
2822,79 79 98 329 329,5,10,32,2.000000000000,0,0
2823,79 79 98 329 353,5,10,32,2.000000000000,0,0
2824,79 98 219,3,6,8,2.000000000000,0,0
2825,79 98 219 329,4,8,16,2.000000000000,0,0
2826,79 98 219 329 353,5,10,32,2.000000000000,0,0
